Id,ActivityDate,TotalSteps,TotalDistance,TrackerDistance,LoggedActivitiesDistance,VeryActiveDistance,ModeratelyActiveDistance,LightActiveDistance,SedentaryActiveDistance,VeryActiveMinutes,FairlyActiveMinutes,LightlyActiveMinutes,SedentaryMinutes,Calories
1503960366,4/12/2016,13162,8.5,8.5,0,1.879999995,0.550000012,6.059999943,0,25,13,328,728,1985
1503960366,4/13/2016,10735,6.96999979,6.96999979,0,1.570000052,0.689999998,4.710000038,0,21,19,217,776,1797
1503960366,4/14/2016,10460,6.739999771,6.739999771,0,2.440000057,0.400000006,3.910000086,0,30,11,181,1218,1776
1503960366,4/15/2016,9762,6.28000021,6.28000021,0,2.140000105,1.25999999,2.829999924,0,29,34,209,726,1745
1503960366,4/16/2016,12669,8.159999847,8.159999847,0,2.710000038,0.409999996,5.039999962,0,36,10,221,773,1863
1503960366,4/17/2016,9705,6.480000019,6.480000019,0,3.190000057,0.779999971,2.50999999,0,38,20,164,539,1728
1503960366,4/18/2016,13019,8.590000153,8.590000153,0,3.25,0.639999986,4.710000038,0,42,16,233,1149,1921
1503960366,4/19/2016,15506,9.880000114,9.880000114,0,3.529999971,1.320000052,5.03000021,0,50,31,264,775,2035
1503960366,4/20/2016,10544,6.679999828,6.679999828,0,1.960000038,0.479999989,4.239999771,0,28,12,205,818,1786
1503960366,4/21/2016,9819,6.340000153,6.340000153,0,1.340000033,0.349999994,4.650000095,0,19,8,211,838,1775
1503960366,4/22/2016,12764,8.130000114,8.130000114,0,4.760000229,1.120000005,2.24000001,0,66,27,130,1217,1827
1503960366,4/23/2016,14371,9.039999962,9.039999962,0,2.809999943,0.870000005,5.360000134,0,41,21,262,732,1949
1503960366,4/24/2016,10039,6.409999847,6.409999847,0,2.920000076,0.209999993,3.279999971,0,39,5,238,709,1788
1503960366,4/25/2016,15355.00,9.80,9.80,0.00,5.29,0.57,3.94,0.00,73.00,14.00,216.00,814.00,2013.00
1503960366,4/26/2016,13755,8.789999962,8.789999962,0,2.329999924,0.920000017,5.539999962,0,31,23,279,833,1970
1503960366,4/27/2016,18134,12.21000004,12.21000004,0,6.400000095,0.409999996,5.409999847,0,78,11,243,1108,2159
1503960366,4/28/2016,13154,8.529999733,8.529999733,0,3.539999962,1.159999967,3.789999962,0,48,28,189,782,1898
1503960366,4/29/2016,11181,7.150000095,7.150000095,0,1.059999943,0.5,5.579999924,0,16,12,243,815,1837
1503960366,4/30/2016,14673,9.25,9.25,0,3.559999943,1.419999957,4.269999981,0,52,34,217,712,1947
1503960366,5/1/2016,10602.00,6.81,6.81,0.00,2.29,1.60,2.92,0.00,33.00,35.00,246.00,730.00,1820.00
1503960366,5/2/2016,14727.00,9.71,9.71,0.00,3.21,0.57,5.92,0.00,41.00,15.00,277.00,798.00,2004.00
1503960366,5/3/2016,15103.00,9.66,9.66,0.00,3.73,1.05,4.88,0.00,50.00,24.00,254.00,816.00,1990.00
1503960366,5/4/2016,11100.00,7.15,7.15,0.00,2.46,0.87,3.82,0.00,36.00,22.00,203.00,1179.00,1819.00
1503960366,5/5/2016,14070.00,8.90,8.90,0.00,2.92,1.08,4.88,0.00,45.00,24.00,250.00,857.00,1959.00
1503960366,5/6/2016,12159.00,8.03,8.03,0.00,1.97,0.25,5.81,0.00,24.00,6.00,289.00,754.00,1896.00
1503960366,5/7/2016,11992.00,7.71,7.71,0.00,2.46,2.12,3.13,0.00,37.00,46.00,175.00,833.00,1821.00
1503960366,5/8/2016,10060.00,6.58,6.58,0.00,3.53,0.32,2.73,0.00,44.00,8.00,203.00,574.00,1740.00
1503960366,5/9/2016,12022.00,7.72,7.72,0.00,3.45,0.53,3.74,0.00,46.00,11.00,206.00,835.00,1819.00
1503960366,5/10/2016,12207.00,7.77,7.77,0.00,3.35,1.16,3.26,0.00,46.00,31.00,214.00,746.00,1859.00
1503960366,5/11/2016,12770.00,8.13,8.13,0.00,2.56,1.01,4.55,0.00,36.00,23.00,251.00,669.00,1783.00
1503960366,5/12/2016,0.00,0.00,0.00,0.00,0.00,0.00,0.00,0.00,0.00,0.00,0.00,1440.00,0.00
1624580081,4/12/2016,8163,5.309999943,5.309999943,0,0,0,5.309999943,0,0,0,146,1294,1432
1624580081,4/13/2016,7007,4.550000191,4.550000191,0,0,0,4.550000191,0,0,0,148,1292,1411
1624580081,4/14/2016,9107,5.920000076,5.920000076,0,0,0,5.909999847,0.01,0,0,236,1204,1572
1624580081,4/15/2016,1510,0.980000019,0.980000019,0,0,0,0.970000029,0,0,0,96,1344,1344
1624580081,4/16/2016,5370,3.49000001,3.49000001,0,0,0,3.49000001,0,0,0,176,1264,1463
1624580081,4/17/2016,6175,4.059999943,4.059999943,0,1.029999971,1.519999981,1.49000001,0.01,15,22,127,1276,1554
1624580081,4/18/2016,10536,7.409999847,7.409999847,0,2.150000095,0.620000005,4.619999886,0.01,17,7,202,1214,1604
1624580081,4/19/2016,2916,1.899999976,1.899999976,0,0,0,1.899999976,0,0,0,141,1299,1435
1624580081,4/20/2016,4974,3.230000019,3.230000019,0,0,0,3.230000019,0,0,0,151,1289,1446
1624580081,4/21/2016,6349,4.130000114,4.130000114,0,0,0,4.110000134,0.02,0,0,186,1254,1467
1624580081,4/22/2016,4026,2.619999886,2.619999886,0,0,0,2.599999905,0,0,0,199,1241,1470
1624580081,4/23/2016,8538,5.550000191,5.550000191,0,0,0,5.539999962,0.01,0,0,227,1213,1562
1624580081,4/24/2016,6076,3.950000048,3.950000048,0,1.149999976,0.910000026,1.889999986,0,16,18,185,1221,1617
1624580081,4/25/2016,6497.00,4.22,4.22,0.00,0.00,0.00,4.20,0.02,0.00,0.00,202.00,1238.00,1492.00
1624580081,4/26/2016,2826,1.840000033,1.840000033,0,0,0,1.830000043,0.01,0,0,140,1300,1402
1624580081,4/27/2016,8367,5.440000057,5.440000057,0,1.110000014,1.870000005,2.460000038,0,17,36,154,1233,1670
1624580081,4/28/2016,2759,1.789999962,1.789999962,0,0,0.200000003,1.600000024,0,0,5,115,1320,1401
1624580081,4/29/2016,2390,1.549999952,1.549999952,0,0,0,1.549999952,0,0,0,150,1290,1404
1624580081,4/30/2016,6474,4.300000191,4.300000191,0,0.899999976,1.279999971,2.119999886,0.01,11,23,224,1182,1655
1624580081,5/1/2016,36019.00,28.03,28.03,0.00,21.92,4.19,1.91,0.02,186.00,63.00,171.00,1020.00,2690.00
1624580081,5/2/2016,7155.00,4.93,4.93,0.00,0.86,0.59,3.47,0.00,7.00,6.00,166.00,1261.00,1497.00
1624580081,5/3/2016,2100.00,1.37,1.37,0.00,0.00,0.00,1.34,0.02,0.00,0.00,96.00,1344.00,1334.00
1624580081,5/4/2016,2193.00,1.43,1.43,0.00,0.00,0.00,1.42,0.00,0.00,0.00,118.00,1322.00,1368.00
1624580081,5/5/2016,2470.00,1.61,1.61,0.00,0.00,0.00,1.58,0.02,0.00,0.00,117.00,1323.00,1370.00
1624580081,5/6/2016,1727.00,1.12,1.12,0.00,0.00,0.00,1.12,0.01,0.00,0.00,102.00,1338.00,1341.00
1624580081,5/7/2016,2104.00,1.37,1.37,0.00,0.00,0.00,1.37,0.00,0.00,0.00,182.00,1258.00,1474.00
1624580081,5/8/2016,3427.00,2.23,2.23,0.00,0.00,0.00,2.22,0.00,0.00,0.00,152.00,1288.00,1427.00
1624580081,5/9/2016,1732.00,1.13,1.13,0.00,0.00,0.00,1.13,0.00,0.00,0.00,91.00,1349.00,1328.00
1624580081,5/10/2016,2969.00,1.93,1.93,0.00,0.00,0.00,1.92,0.01,0.00,0.00,139.00,1301.00,1393.00
1624580081,5/11/2016,3134.00,2.04,2.04,0.00,0.00,0.00,2.04,0.00,0.00,0.00,112.00,1328.00,1359.00
1624580081,5/12/2016,2971.00,1.93,1.93,0.00,0.00,0.00,1.92,0.01,0.00,0.00,107.00,890.00,1002.00
1644430081,4/12/2016,10694,7.769999981,7.769999981,0,0.140000001,2.299999952,5.329999924,0,2,51,256,1131,3199
1644430081,4/13/2016,8001,5.820000172,5.820000172,0,2.279999971,0.899999976,2.640000105,0,30,16,135,1259,2902
1644430081,4/14/2016,11037,8.020000458,8.020000458,0,0.360000014,2.559999943,5.099999905,0,5,58,252,1125,3226
1644430081,4/15/2016,5263,3.829999924,3.829999924,0,0.219999999,0.150000006,3.450000048,0,3,4,170,1263,2750
1644430081,4/16/2016,15300,11.11999989,11.11999989,0,4.099999905,1.879999995,5.090000153,0,51,42,212,1135,3493
1644430081,4/17/2016,8757,6.369999886,6.369999886,0,2.25,0.569999993,3.549999952,0,29,13,186,1212,3011
1644430081,4/18/2016,7132,5.190000057,5.190000057,0,1.070000052,1.669999957,2.450000048,0,15,33,121,1271,2806
1644430081,4/19/2016,11256,8.180000305,8.180000305,0,0.360000014,2.529999971,5.300000191,0,5,58,278,1099,3300
1644430081,4/20/2016,2436,1.769999981,1.769999981,0,0,0,1.75999999,0.01,0,0,125,1315,2430
1644430081,4/21/2016,1223,0.889999986,0.889999986,0,0,0,0.879999995,0.01,0,0,38,1402,2140
1644430081,4/22/2016,3673,2.670000076,2.670000076,0,0,0,2.660000086,0.01,0,0,86,1354,2344
1644430081,4/23/2016,6637,4.829999924,4.829999924,0,0,0.579999983,4.25,0,0,15,160,1265,2677
1644430081,4/24/2016,3321,2.410000086,2.410000086,0,0,0,2.410000086,0,0,0,89,1351,2413
1644430081,4/25/2016,3580.00,2.60,2.60,0.00,0.59,0.06,1.95,0.00,8.00,1.00,94.00,1337.00,2497.00
1644430081,4/26/2016,9919,7.210000038,7.210000038,0,0.800000012,1.720000029,4.690000057,0,11,41,223,1165,3123
1644430081,4/27/2016,3032,2.200000048,2.200000048,0,0,0,2.200000048,0,0,0,118,1322,2489
1644430081,4/28/2016,9405,6.840000153,6.840000153,0,0.200000003,2.319999933,4.309999943,0,3,53,227,1157,3108
1644430081,4/29/2016,3176,2.309999943,2.309999943,0,0,0,2.309999943,0,0,0,120,1193,2498
1644430081,4/30/2016,18213,13.23999977,13.23999977,0,0.629999995,3.140000105,9.460000038,0,9,71,402,816,3846
1644430081,5/1/2016,6132.00,4.46,4.46,0.00,0.24,0.99,3.23,0.00,3.00,24.00,146.00,908.00,2696.00
1644430081,5/2/2016,3758.00,2.73,2.73,0.00,0.07,0.31,2.35,0.00,1.00,7.00,148.00,682.00,2580.00
1644430081,5/3/2016,12850.00,9.34,9.34,0.00,0.72,4.09,4.54,0.00,10.00,94.00,221.00,1115.00,3324.00
1644430081,5/4/2016,2309.00,1.68,1.68,0.00,0.00,0.00,1.66,0.02,0.00,0.00,52.00,1388.00,2222.00
1644430081,5/5/2016,4363.00,3.19,3.19,0.00,0.52,0.54,2.13,0.01,6.00,12.00,81.00,1341.00,2463.00
1644430081,5/6/2016,9787.00,7.12,7.12,0.00,0.82,0.27,6.01,0.02,11.00,6.00,369.00,1054.00,3328.00
1644430081,5/7/2016,13372.00,9.72,9.72,0.00,3.26,0.79,5.67,0.01,41.00,17.00,243.00,1139.00,3404.00
1644430081,5/8/2016,6724.00,4.89,4.89,0.00,0.00,0.00,4.88,0.00,0.00,0.00,295.00,991.00,2987.00
1644430081,5/9/2016,6643.00,4.83,4.83,0.00,2.39,0.35,2.09,0.01,32.00,6.00,303.00,1099.00,3008.00
1644430081,5/10/2016,9167.00,6.66,6.66,0.00,0.88,0.81,4.97,0.01,12.00,19.00,155.00,1254.00,2799.00
1644430081,5/11/2016,1329.00,0.97,0.97,0.00,0.00,0.00,0.95,0.01,0.00,0.00,49.00,713.00,1276.00
1844505072,4/12/2016,6697,4.429999828,4.429999828,0,0,0,4.429999828,0,0,0,339,1101,2030
1844505072,4/13/2016,4929,3.25999999,3.25999999,0,0,0,3.25999999,0,0,0,248,1192,1860
1844505072,4/14/2016,7937,5.25,5.25,0,0,0,5.230000019,0,0,0,373,843,2130
1844505072,4/15/2016,3844,2.539999962,2.539999962,0,0,0,2.539999962,0,0,0,176,527,1725
1844505072,4/16/2016,3414,2.25999999,2.25999999,0,0,0,2.25999999,0,0,0,147,1293,1657
1844505072,4/17/2016,4525,2.99000001,2.99000001,0,0.140000001,0.25999999,2.589999914,0,2,8,199,1231,1793
1844505072,4/18/2016,4597,3.039999962,3.039999962,0,0,0.479999989,2.559999943,0,0,12,217,1211,1814
1844505072,4/19/2016,197,0.129999995,0.129999995,0,0,0,0.129999995,0,0,0,10,1430,1366
1844505072,4/20/2016,8,0.01,0.01,0,0,0,0.01,0,0,0,1,1439,1349
1844505072,4/21/2016,8054,5.320000172,5.320000172,0,0.119999997,0.519999981,4.679999828,0,2,13,308,1117,2062
1844505072,4/22/2016,5372,3.549999952,3.549999952,0,0,0,3.549999952,0,0,0,220,1220,1827
1844505072,4/23/2016,3570,2.359999895,2.359999895,0,0,0,2.359999895,0,0,0,139,1301,1645
1844505072,4/24/2016,0,0,0,0,0,0,0,0,0,0,0,1440,1347
1844505072,4/25/2016,0.00,0.00,0.00,0.00,0.00,0.00,0.00,0.00,0.00,0.00,0.00,1440.00,1347.00
1844505072,4/26/2016,0,0,0,0,0,0,0,0,0,0,0,1440,1347
1844505072,4/27/2016,4,0,0,0,0,0,0,0,0,0,1,1439,1348
1844505072,4/28/2016,6907,4.570000172,4.570000172,0,0,0,4.559999943,0,0,0,302,1138,1992
1844505072,4/29/2016,4920,3.25,3.25,0,0,0,3.25,0,0,0,247,1082,1856
1844505072,4/30/2016,4014,2.670000076,2.670000076,0,0,0,2.650000095,0,0,0,184,218,1763
1844505072,5/1/2016,2573.00,1.70,1.70,0.00,0.00,0.26,1.45,0.00,0.00,7.00,75.00,585.00,1541.00
1844505072,5/2/2016,0.00,0.00,0.00,0.00,0.00,0.00,0.00,0.00,0.00,0.00,0.00,1440.00,1348.00
1844505072,5/3/2016,4059.00,2.68,2.68,0.00,0.00,0.00,2.68,0.00,0.00,0.00,184.00,1256.00,1742.00
1844505072,5/4/2016,2080.00,1.37,1.37,0.00,0.00,0.00,1.37,0.00,0.00,0.00,87.00,1353.00,1549.00
1844505072,5/5/2016,2237.00,1.48,1.48,0.00,0.00,0.00,1.48,0.00,0.00,0.00,120.00,1320.00,1589.00
1844505072,5/6/2016,44.00,0.03,0.03,0.00,0.00,0.00,0.03,0.00,0.00,0.00,2.00,1438.00,1351.00
1844505072,5/7/2016,0.00,0.00,0.00,0.00,0.00,0.00,0.00,0.00,0.00,0.00,0.00,1440.00,1347.00
1844505072,5/8/2016,0.00,0.00,0.00,0.00,0.00,0.00,0.00,0.00,0.00,0.00,0.00,1440.00,1347.00
1844505072,5/9/2016,0.00,0.00,0.00,0.00,0.00,0.00,0.00,0.00,0.00,0.00,0.00,1440.00,1347.00
1844505072,5/10/2016,0.00,0.00,0.00,0.00,0.00,0.00,0.00,0.00,0.00,0.00,0.00,1440.00,1347.00
1844505072,5/11/2016,0.00,0.00,0.00,0.00,0.00,0.00,0.00,0.00,0.00,0.00,0.00,1440.00,1347.00
1844505072,5/12/2016,0.00,0.00,0.00,0.00,0.00,0.00,0.00,0.00,0.00,0.00,0.00,711.00,665.00
1927972279,4/12/2016,678,0.469999999,0.469999999,0,0,0,0.469999999,0,0,0,55,734,2220
1927972279,4/13/2016,356,0.25,0.25,0,0,0,0.25,0,0,0,32,986,2151
1927972279,4/14/2016,2163,1.5,1.5,0,0,0.400000006,1.100000024,0,0,9,88,1292,2383
1927972279,4/15/2016,980,0.680000007,0.680000007,0,0,0,0.680000007,0,0,0,51,941,2221
1927972279,4/16/2016,0,0,0,0,0,0,0,0,0,0,0,1440,2064
1927972279,4/17/2016,0,0,0,0,0,0,0,0,0,0,0,1440,2063
1927972279,4/18/2016,244,0.170000002,0.170000002,0,0,0,0.170000002,0,0,0,17,1423,2111
1927972279,4/19/2016,0,0,0,0,0,0,0,0,0,0,0,1440,2063
1927972279,4/20/2016,0,0,0,0,0,0,0,0,0,0,0,1440,2063
1927972279,4/21/2016,0,0,0,0,0,0,0,0,0,0,0,1440,2064
1927972279,4/22/2016,149,0.100000001,0.100000001,0,0,0,0.100000001,0,0,0,10,1430,2093
1927972279,4/23/2016,2945,2.039999962,2.039999962,0,0,0,2.039999962,0,0,0,145,1295,2499
1927972279,4/24/2016,2090,1.450000048,1.450000048,0,0.07,0.239999995,1.139999986,0,1,6,75,1358,2324
1927972279,4/25/2016,152.00,0.11,0.11,0.00,0.00,0.00,0.11,0.00,0.00,0.00,12.00,1303.00,2100.00
1927972279,4/26/2016,3761,2.599999905,2.599999905,0,0,0,2.599999905,0,0,0,192,1058,2638
1927972279,4/27/2016,0,0,0,0,0,0,0,0,0,0,0,1440,2063
1927972279,4/28/2016,1675,1.159999967,1.159999967,0,0,0,1.159999967,0,0,0,95,1167,2351
1927972279,4/29/2016,0,0,0,0,0,0,0,0,0,0,0,1440,2063
1927972279,4/30/2016,0,0,0,0,0,0,0,0,0,0,0,1440,2064
1927972279,5/1/2016,2704.00,1.87,1.87,0.00,1.01,0.03,0.83,0.00,14.00,1.00,70.00,1355.00,2411.00
1927972279,5/2/2016,3790.00,2.62,2.62,0.00,1.16,0.30,1.16,0.00,16.00,8.00,94.00,1322.00,2505.00
1927972279,5/3/2016,1326.00,0.92,0.92,0.00,0.73,0.00,0.18,0.00,10.00,0.00,17.00,1413.00,2195.00
1927972279,5/4/2016,1786.00,1.24,1.24,0.00,0.00,0.00,1.24,0.00,0.00,0.00,87.00,1353.00,2338.00
1927972279,5/5/2016,0.00,0.00,0.00,0.00,0.00,0.00,0.00,0.00,0.00,0.00,0.00,1440.00,2063.00
1927972279,5/6/2016,2091.00,1.45,1.45,0.00,0.00,0.00,1.45,0.00,0.00,0.00,108.00,1332.00,2383.00
1927972279,5/7/2016,1510.00,1.04,1.04,0.00,0.00,0.00,1.04,0.00,0.00,0.00,48.00,1392.00,2229.00
1927972279,5/8/2016,0.00,0.00,0.00,0.00,0.00,0.00,0.00,0.00,0.00,0.00,0.00,1440.00,2063.00
1927972279,5/9/2016,0.00,0.00,0.00,0.00,0.00,0.00,0.00,0.00,0.00,0.00,0.00,1440.00,2063.00
1927972279,5/10/2016,0.00,0.00,0.00,0.00,0.00,0.00,0.00,0.00,0.00,0.00,0.00,1440.00,2063.00
1927972279,5/11/2016,0.00,0.00,0.00,0.00,0.00,0.00,0.00,0.00,0.00,0.00,0.00,1440.00,2063.00
1927972279,5/12/2016,0.00,0.00,0.00,0.00,0.00,0.00,0.00,0.00,0.00,0.00,0.00,966.00,1383.00
2022484408,4/12/2016,11875,8.340000153,8.340000153,0,3.309999943,0.769999981,4.260000229,0,42,14,227,1157,2390
2022484408,4/13/2016,12024,8.5,8.5,0,2.99000001,0.100000001,5.409999847,0,43,5,292,1100,2601
2022484408,4/14/2016,10690,7.5,7.5,0,2.480000019,0.209999993,4.820000172,0,32,3,257,1148,2312
2022484408,4/15/2016,11034,8.029999733,8.029999733,0,1.940000057,0.310000002,5.78000021,0,27,9,282,1122,2525
2022484408,4/16/2016,10100,7.090000153,7.090000153,0,3.150000095,0.550000012,3.390000105,0,41,11,151,1237,2177
2022484408,4/17/2016,15112,11.39999962,11.39999962,0,3.869999886,0.660000026,6.880000114,0,28,29,331,1052,2782
2022484408,4/18/2016,14131,10.06999969,10.06999969,0,3.640000105,0.119999997,6.300000191,0,48,3,311,1078,2770
2022484408,4/19/2016,11548,8.529999733,8.529999733,0,3.289999962,0.239999995,5,0,31,7,250,1152,2489
2022484408,4/20/2016,15112,10.67000008,10.67000008,0,3.339999914,1.929999948,5.400000095,0,48,63,276,1053,2897
2022484408,4/21/2016,12453,8.739999771,8.739999771,0,3.329999924,1.110000014,4.309999943,0,104,53,255,1028,3158
2022484408,4/22/2016,12954,9.329999924,9.329999924,0,4.429999828,0.419999987,4.46999979,0,52,10,273,1105,2638
2022484408,4/23/2016,6001,4.210000038,4.210000038,0,0,0,4.210000038,0,0,0,249,1191,2069
2022484408,4/24/2016,13481,10.27999973,10.27999973,0,4.550000191,1.149999976,4.579999924,0,37,26,216,1161,2529
2022484408,4/25/2016,11369.00,8.01,8.01,0.00,3.33,0.22,4.46,0.00,44.00,8.00,217.00,1171.00,2470.00
2022484408,4/26/2016,10119,7.190000057,7.190000057,0,1.429999948,0.660000026,5.110000134,0,55,24,275,1086,2793
2022484408,4/27/2016,10159,7.130000114,7.130000114,0,1.039999962,0.970000029,5.119999886,0,19,20,282,1119,2463
2022484408,4/28/2016,10140,7.119999886,7.119999886,0,0.409999996,1.330000043,5.389999866,0,6,20,291,1123,2296
2022484408,4/29/2016,10245,7.190000057,7.190000057,0,0.479999989,1.210000038,5.5,0,21,40,281,1098,2611
2022484408,4/30/2016,18387,12.90999985,12.90999985,0,0.939999998,1.399999976,10.56999969,0,13,23,361,1043,2732
2022484408,5/1/2016,10538.00,7.40,7.40,0.00,1.94,0.96,4.50,0.00,25.00,28.00,245.00,1142.00,2380.00
2022484408,5/2/2016,10379.00,7.29,7.29,0.00,2.61,0.34,4.33,0.00,36.00,8.00,277.00,1119.00,2473.00
2022484408,5/3/2016,12183.00,8.74,8.74,0.00,3.99,0.46,4.28,0.00,72.00,14.00,250.00,1104.00,2752.00
2022484408,5/4/2016,11768.00,8.29,8.29,0.00,2.51,0.93,4.85,0.00,36.00,27.00,272.00,1105.00,2649.00
2022484408,5/5/2016,11895.00,8.35,8.35,0.00,2.79,0.86,4.70,0.00,55.00,20.00,253.00,1112.00,2609.00
2022484408,5/6/2016,10227.00,7.18,7.18,0.00,1.87,0.67,4.64,0.00,24.00,17.00,295.00,1104.00,2498.00
2022484408,5/7/2016,6708.00,4.71,4.71,0.00,1.61,0.08,3.02,0.00,20.00,2.00,149.00,1269.00,1995.00
2022484408,5/8/2016,3292.00,2.31,2.31,0.00,0.00,0.00,2.31,0.00,0.00,0.00,135.00,1305.00,1848.00
2022484408,5/9/2016,13379.00,9.39,9.39,0.00,2.12,1.63,5.64,0.00,35.00,47.00,297.00,1061.00,2709.00
2022484408,5/10/2016,12798.00,8.98,8.98,0.00,2.22,1.21,5.56,0.00,57.00,28.00,271.00,1084.00,2797.00
2022484408,5/11/2016,13272.00,9.32,9.32,0.00,4.18,1.15,3.99,0.00,58.00,25.00,224.00,1133.00,2544.00
2022484408,5/12/2016,9117.00,6.41,6.41,0.00,1.28,0.67,4.44,0.00,16.00,16.00,236.00,728.00,1853.00
2026352035,4/12/2016,4414,2.74000001,2.74000001,0,0.189999998,0.349999994,2.200000048,0,3,8,181,706,1459
2026352035,4/13/2016,4993,3.099999905,3.099999905,0,0,0,3.099999905,0,0,0,238,663,1521
2026352035,4/14/2016,3335,2.069999933,2.069999933,0,0,0,2.049999952,0,0,0,197,653,1431
2026352035,4/15/2016,3821,2.369999886,2.369999886,0,0,0,2.369999886,0,0,0,188,687,1444
2026352035,4/16/2016,2547,1.580000043,1.580000043,0,0,0,1.580000043,0,0,0,150,728,1373
2026352035,4/17/2016,838,0.519999981,0.519999981,0,0,0,0.519999981,0,0,0,60,1053,1214
2026352035,4/18/2016,3325,2.059999943,2.059999943,0,0,0,2.059999943,0,0,0,182,1062,1419
2026352035,4/19/2016,2424,1.5,1.5,0,0,0,1.5,0,0,0,141,785,1356
2026352035,4/20/2016,7222,4.480000019,4.480000019,0,0,0,4.480000019,0,0,0,327,623,1667
2026352035,4/21/2016,2467,1.529999971,1.529999971,0,0,0,1.529999971,0,0,0,153,749,1370
2026352035,4/22/2016,2915,1.809999943,1.809999943,0,0,0,1.809999943,0,0,0,162,712,1399
2026352035,4/23/2016,12357,7.710000038,7.710000038,0,0,0,7.710000038,0,0,0,432,458,1916
2026352035,4/24/2016,3490,2.160000086,2.160000086,0,0,0,2.160000086,0,0,0,164,704,1401
2026352035,4/25/2016,6017.00,3.73,3.73,0.00,0.00,0.00,3.73,0.00,0.00,0.00,260.00,821.00,1576.00
2026352035,4/26/2016,5933,3.680000067,3.680000067,0,0,0,3.680000067,0,0,0,288,1018,1595
2026352035,4/27/2016,6088,3.769999981,3.769999981,0,0,0,3.769999981,0,0,0,286,586,1593
2026352035,4/28/2016,6375,3.950000048,3.950000048,0,0,0,3.950000048,0,0,0,331,626,1649
2026352035,4/29/2016,7604,4.710000038,4.710000038,0,0,0,4.710000038,0,0,0,352,492,1692
2026352035,4/30/2016,4729,2.930000067,2.930000067,0,0,0,2.930000067,0,0,0,233,594,1506
2026352035,5/1/2016,3609.00,2.28,2.28,0.00,0.00,0.00,2.28,0.00,0.00,0.00,191.00,716.00,1447.00
2026352035,5/2/2016,7018.00,4.35,4.35,0.00,0.00,0.00,4.35,0.00,0.00,0.00,355.00,716.00,1690.00
2026352035,5/3/2016,5992.00,3.72,3.72,0.00,0.00,0.00,3.72,0.00,0.00,0.00,304.00,981.00,1604.00
2026352035,5/4/2016,6564.00,4.07,4.07,0.00,0.00,0.00,4.07,0.00,0.00,0.00,345.00,530.00,1658.00
2026352035,5/5/2016,12167.00,7.54,7.54,0.00,0.00,0.00,7.54,0.00,0.00,0.00,475.00,479.00,1926.00
2026352035,5/6/2016,8198.00,5.08,5.08,0.00,0.00,0.00,5.08,0.00,0.00,0.00,383.00,511.00,1736.00
2026352035,5/7/2016,4193.00,2.60,2.60,0.00,0.00,0.00,2.60,0.00,0.00,0.00,229.00,665.00,1491.00
2026352035,5/8/2016,5528.00,3.45,3.45,0.00,0.00,0.00,3.45,0.00,0.00,0.00,258.00,610.00,1555.00
2026352035,5/9/2016,10685.00,6.62,6.62,0.00,0.00,0.00,6.60,0.00,0.00,0.00,401.00,543.00,1869.00
2026352035,5/10/2016,254.00,0.16,0.16,0.00,0.00,0.00,0.16,0.00,0.00,0.00,17.00,1002.00,1141.00
2026352035,5/11/2016,8580.00,5.32,5.32,0.00,0.00,0.00,5.32,0.00,0.00,0.00,330.00,569.00,1698.00
2026352035,5/12/2016,8891.00,5.51,5.51,0.00,0.00,0.00,5.51,0.00,0.00,0.00,343.00,330.00,1364.00
2320127002,4/12/2016,10725,7.489999771,7.489999771,0,1.169999957,0.310000002,6.010000229,0,13,9,306,1112,2124
2320127002,4/13/2016,7275,4.900000095,4.900000095,0,0,0,4.900000095,0,0,0,335,1105,2003
2320127002,4/14/2016,3973,2.680000067,2.680000067,0,0,0,2.680000067,0,0,0,191,1249,1696
2320127002,4/15/2016,5205,3.50999999,3.50999999,0,0,0,3.50999999,0,0,0,245,1195,1801
2320127002,4/16/2016,5057,3.410000086,3.410000086,0,0,0,3.400000095,0,0,0,195,1245,1724
2320127002,4/17/2016,6198,4.179999828,4.179999828,0,0,0,4.179999828,0,0,0,249,1191,1852
2320127002,4/18/2016,6559,4.420000076,4.420000076,0,0,0.25999999,4.139999866,0,0,7,260,1173,1905
2320127002,4/19/2016,5997,4.039999962,4.039999962,0,0,0.379999995,3.660000086,0,0,11,228,1201,1811
2320127002,4/20/2016,7192,4.849999905,4.849999905,0,0,0.49000001,4.340000153,0,0,11,283,1146,1922
2320127002,4/21/2016,3404,2.289999962,2.289999962,0,0.059999999,0.419999987,1.809999943,0,1,10,127,1302,1610
2320127002,4/22/2016,5583,3.75999999,3.75999999,0,0,0,3.75999999,0,0,0,266,1174,1851
2320127002,4/23/2016,5079,3.420000076,3.420000076,0,0,0,3.420000076,0,0,0,242,1129,1804
2320127002,4/24/2016,4165,2.809999943,2.809999943,0,0,0,2.799999952,0,0,0,204,1236,1725
2320127002,4/25/2016,3588.00,2.42,2.42,0.00,0.23,0.20,1.99,0.00,3.00,5.00,152.00,1280.00,1654.00
2320127002,4/26/2016,3409,2.299999952,2.299999952,0,0,0,2.299999952,0,0,0,147,1293,1632
2320127002,4/27/2016,1715,1.159999967,1.159999967,0,0,0,1.159999967,0,0,0,82,1358,1481
2320127002,4/28/2016,1532,1.029999971,1.029999971,0,0,0,1.029999971,0,0,0,76,1364,1473
2320127002,4/29/2016,924,0.620000005,0.620000005,0,0,0,0.620000005,0,0,0,45,1395,1410
2320127002,4/30/2016,4571,3.079999924,3.079999924,0,0,0,3.069999933,0,0,0,234,1206,1779
2320127002,5/1/2016,772.00,0.52,0.52,0.00,0.00,0.00,0.52,0.00,0.00,0.00,40.00,1400.00,1403.00
2320127002,5/2/2016,3634.00,2.45,2.45,0.00,0.36,0.21,1.88,0.00,5.00,6.00,123.00,1306.00,1613.00
2320127002,5/3/2016,7443.00,5.02,5.02,0.00,1.49,0.37,3.16,0.00,20.00,10.00,206.00,1204.00,1878.00
2320127002,5/4/2016,1201.00,0.81,0.81,0.00,0.00,0.00,0.81,0.00,0.00,0.00,52.00,1388.00,1426.00
2320127002,5/5/2016,5202.00,3.51,3.51,0.00,0.00,0.39,3.11,0.00,0.00,11.00,223.00,1206.00,1780.00
2320127002,5/6/2016,4878.00,3.29,3.29,0.00,0.00,0.00,3.29,0.00,0.00,0.00,204.00,1236.00,1742.00
2320127002,5/7/2016,7379.00,4.97,4.97,0.00,0.00,0.00,4.97,0.00,0.00,0.00,319.00,1121.00,1972.00
2320127002,5/8/2016,5161.00,3.48,3.48,0.00,0.00,0.00,3.47,0.00,0.00,0.00,247.00,1193.00,1821.00
2320127002,5/9/2016,3090.00,2.08,2.08,0.00,0.00,0.00,2.08,0.00,0.00,0.00,145.00,1295.00,1630.00
2320127002,5/10/2016,6227.00,4.20,4.20,0.00,0.00,0.00,4.20,0.00,0.00,0.00,290.00,1150.00,1899.00
2320127002,5/11/2016,6424.00,4.33,4.33,0.00,0.00,0.00,4.33,0.00,0.00,0.00,300.00,1140.00,1903.00
2320127002,5/12/2016,2661.00,1.79,1.79,0.00,0.00,0.00,1.79,0.00,0.00,0.00,128.00,830.00,1125.00
2347167796,4/12/2016,10113,6.829999924,6.829999924,0,2,0.620000005,4.199999809,0,28,13,320,964,2344
2347167796,4/13/2016,10352,7.010000229,7.010000229,0,1.659999967,1.940000057,3.410000086,0,19,32,195,676,2038
2347167796,4/14/2016,10129,6.699999809,6.699999809,0,0.02,2.74000001,3.940000057,0,1,48,206,705,2010
2347167796,4/15/2016,10465,6.920000076,6.920000076,0,0.07,1.419999957,5.429999828,0,1,24,284,720,2133
2347167796,4/16/2016,22244,15.07999992,15.07999992,0,5.449999809,4.099999905,5.53000021,0,66,72,268,968,2670
2347167796,4/17/2016,5472,3.619999886,3.619999886,0,0.079999998,0.280000001,3.25999999,0,1,7,249,508,1882
2347167796,4/18/2016,8247,5.449999809,5.449999809,0,0.790000021,0.860000014,3.789999962,0,11,16,206,678,1944
2347167796,4/19/2016,6711,4.440000057,4.440000057,0,0,0,4.440000057,0,0,7,382,648,2346
2347167796,4/20/2016,10999,7.269999981,7.269999981,0,0.680000007,1.809999943,4.78000021,0,11,43,269,1011,2198
2347167796,4/21/2016,10080,6.75,6.75,0,1.850000024,1.529999971,3.380000114,0,23,26,208,761,2048
2347167796,4/22/2016,7804,5.159999847,5.159999847,0,0.560000002,1.679999948,2.920000076,0,9,27,206,781,1946
2347167796,4/23/2016,16901,11.36999989,11.36999989,0,2.779999971,1.450000048,7.150000095,0,32,35,360,591,2629
2347167796,4/24/2016,9471,6.260000229,6.260000229,0,0,0,6.260000229,0,0,0,360,584,2187
2347167796,4/25/2016,9482.00,6.38,6.38,0.00,1.27,0.52,4.60,0.00,15.00,11.00,277.00,653.00,2095.00
2347167796,4/26/2016,5980,3.950000048,3.950000048,0,0,0,3.950000048,0,0,0,227,732,1861
2347167796,4/27/2016,11423,7.579999924,7.579999924,0,1.860000014,0.400000006,5.320000172,0,26,9,295,623,2194
2347167796,4/28/2016,5439,3.599999905,3.599999905,0,0,0,3.599999905,0,0,0,229,764,1854
2347167796,4/29/2016,42,0.029999999,0.029999999,0,0,0,0.029999999,0,0,0,4,2,403
2873212765,4/12/2016,8796,5.909999847,5.909999847,0,0.109999999,0.930000007,4.880000114,0,2,21,356,1061,1982
2873212765,4/13/2016,7618,5.119999886,5.119999886,0,0,0.219999999,4.880000114,0.02,0,8,404,1028,2004
2873212765,4/14/2016,7910,5.320000172,5.320000172,0,0,0,5.320000172,0,0,0,331,1109,1893
2873212765,4/15/2016,8482,5.699999809,5.699999809,0,0,0,5.690000057,0.01,0,0,448,992,2063
2873212765,4/16/2016,9685,6.650000095,6.650000095,0,3.109999895,0.02,3.50999999,0.01,47,1,305,1087,2148
2873212765,4/17/2016,2524,1.700000048,1.700000048,0,0,0.349999994,1.340000033,0,0,8,160,1272,1529
2873212765,4/18/2016,7762,5.239999771,5.239999771,0,0.07,0.280000001,4.889999866,0,1,6,311,1122,1890
2873212765,4/19/2016,7948,5.369999886,5.369999886,0,0,0,5.360000134,0,0,0,389,1051,1956
2873212765,4/20/2016,9202,6.300000191,6.300000191,0,1.50999999,0.119999997,4.659999847,0.01,22,5,378,1035,2094
2873212765,4/21/2016,8859,5.980000019,5.980000019,0,0.129999995,0.370000005,5.46999979,0.01,2,10,371,1057,1970
2873212765,4/22/2016,7286,4.900000095,4.900000095,0,0.460000008,0,4.420000076,0.02,46,0,366,1028,2241
2873212765,4/23/2016,9317,6.349999905,6.349999905,0,2.089999914,0.230000004,4.019999981,0.01,28,5,330,1077,2021
2873212765,4/24/2016,6873,4.679999828,4.679999828,0,3,0.059999999,1.620000005,0,46,1,190,1203,1898
2873212765,4/25/2016,7373.00,4.95,4.95,0.00,0.00,0.00,4.95,0.00,0.00,0.00,359.00,1081.00,1907.00
2873212765,4/26/2016,8242,5.539999962,5.539999962,0,0.119999997,0.180000007,5.239999771,0,2,5,309,1124,1882
2873212765,4/27/2016,3516,2.359999895,2.359999895,0,0,0,2.359999895,0,46,0,197,1197,1966
2873212765,4/28/2016,7913,5.409999847,5.409999847,0,2.160000086,0.340000004,2.910000086,0,28,7,213,1192,1835
2873212765,4/29/2016,7365,4.949999809,4.949999809,0,1.360000014,1.409999967,2.180000067,0,20,23,206,1191,1780
2873212765,4/30/2016,8452,5.679999828,5.679999828,0,0.330000013,1.080000043,4.260000229,0.01,5,20,248,1167,1830
2873212765,5/1/2016,7399.00,4.97,4.97,0.00,0.49,1.04,3.44,0.00,7.00,18.00,196.00,1219.00,1739.00
2873212765,5/2/2016,7525.00,5.06,5.06,0.00,0.00,0.21,4.83,0.02,0.00,7.00,334.00,1099.00,1878.00
2873212765,5/3/2016,7412.00,4.98,4.98,0.00,0.06,0.25,4.66,0.01,1.00,6.00,363.00,1070.00,1906.00
2873212765,5/4/2016,8278.00,5.56,5.56,0.00,0.00,0.00,5.56,0.00,0.00,0.00,420.00,1020.00,2015.00
2873212765,5/5/2016,8314.00,5.61,5.61,0.00,0.78,0.80,4.03,0.00,13.00,23.00,311.00,1093.00,1971.00
2873212765,5/6/2016,7063.00,4.75,4.75,0.00,0.00,0.12,4.61,0.01,0.00,5.00,370.00,1065.00,1910.00
2873212765,5/7/2016,4940.00,3.38,3.38,0.00,2.28,0.55,0.55,0.00,75.00,11.00,52.00,1302.00,1897.00
2873212765,5/8/2016,8168.00,5.54,5.54,0.00,2.90,0.00,2.64,0.00,46.00,0.00,326.00,1068.00,2096.00
2873212765,5/9/2016,7726.00,5.19,5.19,0.00,0.00,0.00,5.19,0.00,0.00,0.00,345.00,1095.00,1906.00
2873212765,5/10/2016,8275.00,5.56,5.56,0.00,0.00,0.00,5.55,0.01,0.00,0.00,373.00,1067.00,1962.00
2873212765,5/11/2016,6440.00,4.33,4.33,0.00,0.00,0.00,4.32,0.01,0.00,0.00,319.00,1121.00,1826.00
2873212765,5/12/2016,7566.00,5.11,5.11,0.00,0.00,0.00,5.11,0.00,0.00,0.00,268.00,720.00,1431.00
3372868164,4/12/2016,4747,3.24000001,3.24000001,0,0,0,3.230000019,0.01,0,0,280,1160,1788
3372868164,4/13/2016,9715,6.630000114,6.630000114,0,0.99000001,0.340000004,5.269999981,0.02,16,8,371,1045,2093
3372868164,4/14/2016,8844,6.03000021,6.03000021,0,0.340000004,1.029999971,4.650000095,0.01,6,25,370,1039,2065
3372868164,4/15/2016,7451,5.079999924,5.079999924,0,0,0,5.059999943,0.02,0,0,335,1105,1908
3372868164,4/16/2016,6905,4.730000019,4.730000019,0,0,0,4.699999809,0.029999999,0,0,356,1084,1908
3372868164,4/17/2016,8199,5.880000114,5.880000114,0,1.409999967,0.100000001,4.360000134,0.01,11,2,322,1105,1964
3372868164,4/18/2016,6798,4.639999866,4.639999866,0,1.080000043,0.200000003,3.349999905,0,20,7,343,1070,2014
3372868164,4/19/2016,7711,5.260000229,5.260000229,0,0,0,5.239999771,0.02,0,0,376,1064,1985
3372868164,4/20/2016,4880,3.329999924,3.329999924,0,0.839999974,0.090000004,2.380000114,0.02,15,3,274,1148,1867
3372868164,4/21/2016,8857,6.070000172,6.070000172,0,1.149999976,0.25999999,4.639999866,0.01,18,9,376,1037,2124
3372868164,4/22/2016,3843,2.619999886,2.619999886,0,0,0,2.609999895,0.01,0,0,206,1234,1669
3372868164,4/23/2016,7396,5.070000172,5.070000172,0,1.399999976,0.079999998,3.579999924,0,20,2,303,1115,1995
3372868164,4/24/2016,6731,4.590000153,4.590000153,0,0.889999986,0.189999998,3.49000001,0.02,14,7,292,1127,1921
3372868164,4/25/2016,5995.00,4.09,4.09,0.00,0.00,0.00,4.09,0.00,0.00,0.00,416.00,1024.00,2010.00
3372868164,4/26/2016,8283,5.789999962,5.789999962,0,1.850000024,0.050000001,3.869999886,0.01,22,2,333,1083,2057
3372868164,4/27/2016,7904,5.420000076,5.420000076,0,1.580000043,0.629999995,3.190000057,0.01,24,13,346,1057,2095
3372868164,4/28/2016,5512,3.75999999,3.75999999,0,0,0,3.75999999,0,0,0,385,1055,1972
3372868164,4/29/2016,9135,6.230000019,6.230000019,0,0,0,6.21999979,0.01,0,0,402,1038,2044
3372868164,4/30/2016,5250,3.579999924,3.579999924,0,1.059999943,0.090000004,2.420000076,0.01,17,4,300,1119,1946
3372868164,5/1/2016,3077.00,2.10,2.10,0.00,0.00,0.00,2.09,0.00,0.00,0.00,172.00,842.00,1237.00
3977333714,4/12/2016,8856,5.980000019,5.980000019,0,3.059999943,0.910000026,2.00999999,0,44,19,131,777,1450
3977333714,4/13/2016,10035,6.710000038,6.710000038,0,2.029999971,2.130000114,2.549999952,0,31,46,153,754,1495
3977333714,4/14/2016,7641,5.110000134,5.110000134,0,0.319999993,0.970000029,3.819999933,0,5,23,214,801,1433
3977333714,4/15/2016,9010,6.059999943,6.059999943,0,1.049999952,1.75,3.25999999,0,15,42,183,644,1468
3977333714,4/16/2016,13459,9,9,0,2.029999971,4,2.970000029,0,31,83,153,663,1625
3977333714,4/17/2016,10415,6.96999979,6.96999979,0,0.699999988,2.349999905,3.920000076,0,11,58,205,600,1529
3977333714,4/18/2016,11663,7.800000191,7.800000191,0,0.25,3.730000019,3.819999933,0,4,95,214,605,1584
3977333714,4/19/2016,12414,8.779999733,8.779999733,0,2.24000001,2.450000048,3.960000038,0,19,67,221,738,1638
3977333714,4/20/2016,11658,7.829999924,7.829999924,0,0.200000003,4.349999905,3.279999971,0,2,98,164,845,1554
3977333714,4/21/2016,6093,4.079999924,4.079999924,0,0,0,4.059999943,0,0,0,242,712,1397
3977333714,4/22/2016,8911,5.960000038,5.960000038,0,2.329999924,0.579999983,3.059999943,0,33,12,188,731,1481
3977333714,4/23/2016,12058,8.069999695,8.069999695,0,0,4.21999979,3.849999905,0,0,92,252,724,1638
3977333714,4/24/2016,14112,10,10,0,3.269999981,4.559999943,2.170000076,0,30,95,129,660,1655
3977333714,4/25/2016,11177.00,8.48,8.48,0.00,5.62,0.43,2.41,0.00,50.00,9.00,133.00,781.00,1570.00
3977333714,4/26/2016,11388,7.619999886,7.619999886,0,0.449999988,4.21999979,2.950000048,0,7,95,170,797,1551
3977333714,4/27/2016,7193,5.039999962,5.039999962,0,0,0.419999987,4.619999886,0,0,10,176,714,1377
3977333714,4/28/2016,7114,4.880000114,4.880000114,0,1.370000005,0.289999992,3.220000029,0,15,8,190,804,1407
3977333714,4/29/2016,10645,7.75,7.75,0,3.74000001,1.299999952,2.710000038,0,36,32,150,744,1545
3977333714,4/30/2016,13238,9.199999809,9.199999809,0,3.690000057,2.099999905,3.410000086,0,43,52,194,687,1650
3977333714,5/1/2016,10414.00,7.07,7.07,0.00,2.67,1.98,2.41,0.00,41.00,40.00,124.00,691.00,1501.00
3977333714,5/2/2016,16520.00,11.05,11.05,0.00,1.54,6.48,3.02,0.00,24.00,143.00,176.00,713.00,1760.00
3977333714,5/3/2016,14335.00,9.59,9.59,0.00,3.32,1.74,4.53,0.00,47.00,41.00,258.00,594.00,1710.00
3977333714,5/4/2016,13559.00,9.44,9.44,0.00,1.81,4.58,2.89,0.00,14.00,96.00,142.00,852.00,1628.00
3977333714,5/5/2016,12312.00,8.58,8.58,0.00,1.76,4.11,2.71,0.00,14.00,88.00,178.00,680.00,1618.00
3977333714,5/6/2016,11677.00,8.28,8.28,0.00,3.11,2.51,2.67,0.00,29.00,55.00,168.00,676.00,1590.00
3977333714,5/7/2016,11550.00,7.73,7.73,0.00,0.00,4.13,3.59,0.00,0.00,86.00,208.00,703.00,1574.00
3977333714,5/8/2016,13585.00,9.09,9.09,0.00,0.68,5.24,3.17,0.00,9.00,116.00,171.00,688.00,1633.00
3977333714,5/9/2016,14687.00,10.08,10.08,0.00,0.77,5.60,3.55,0.00,8.00,122.00,151.00,1159.00,1667.00
3977333714,5/10/2016,13072.00,8.78,8.78,0.00,0.07,5.40,3.31,0.00,1.00,115.00,196.00,676.00,1630.00
3977333714,5/11/2016,746.00,0.50,0.50,0.00,0.37,0.00,0.13,0.00,4.00,0.00,9.00,13.00,52.00
4020332650,4/12/2016,8539,6.119999886,6.119999886,0,0.150000006,0.239999995,5.679999828,0,4,15,331,712,3654
4020332650,4/13/2016,0,0,0,0,0,0,0,0,0,0,0,1440,1981
4020332650,4/14/2016,108,0.079999998,0.079999998,0,0,0,0.029999999,0,0,0,3,1437,2011
4020332650,4/15/2016,1882,1.350000024,1.350000024,0,0.209999993,0.360000014,0.769999981,0,36,18,87,1299,2951
4020332650,4/16/2016,1982,1.419999957,1.419999957,0,0.449999988,0.370000005,0.589999974,0,65,21,55,1222,3051
4020332650,4/17/2016,16,0.01,0.01,0,0,0,0.01,0,0,0,2,1438,1990
4020332650,4/18/2016,62,0.039999999,0.039999999,0,0,0,0.039999999,0,0,0,2,1438,1995
4020332650,4/19/2016,0,0,0,0,0,0,0,0,0,0,0,1440,1980
4020332650,4/20/2016,0,0,0,0,0,0,0,0,0,0,0,1440,1980
4020332650,4/21/2016,0,0,0,0,0,0,0,0,0,0,0,1440,1980
4020332650,4/22/2016,0,0,0,0,0,0,0,0,0,0,0,1440,1980
4020332650,4/23/2016,0,0,0,0,0,0,0,0,0,0,0,1440,1980
4020332650,4/24/2016,0,0,0,0,0,0,0,0,0,0,0,1440,1980
4020332650,4/25/2016,0.00,0.00,0.00,0.00,0.00,0.00,0.00,0.00,0.00,0.00,0.00,1440.00,1980.00
4020332650,4/26/2016,0,0,0,0,0,0,0,0,0,0,0,1440,1980
4020332650,4/27/2016,0,0,0,0,0,0,0,0,0,0,0,1440,1980
4020332650,4/28/2016,0,0,0,0,0,0,0,0,0,0,0,1440,1980
4020332650,4/29/2016,0,0,0,0,0,0,0,0,0,0,0,1440,1980
4020332650,4/30/2016,0,0,0,0,0,0,0,0,0,0,0,1440,1980
4020332650,5/1/2016,0.00,0.00,0.00,0.00,0.00,0.00,0.00,0.00,0.00,0.00,0.00,1440.00,1980.00
4020332650,5/2/2016,475.00,0.34,0.34,0.00,0.00,0.04,0.29,0.00,0.00,11.00,31.00,1350.00,2207.00
4020332650,5/3/2016,4496.00,3.22,3.22,0.00,0.00,0.00,3.15,0.05,0.00,0.00,174.00,950.00,2828.00
4020332650,5/4/2016,10252.00,7.35,7.35,0.00,0.67,1.04,5.58,0.00,13.00,46.00,346.00,531.00,3879.00
4020332650,5/5/2016,11728.00,8.43,8.43,0.00,2.62,1.68,4.04,0.07,38.00,42.00,196.00,916.00,3429.00
4020332650,5/6/2016,4369.00,3.13,3.13,0.00,0.00,0.00,3.10,0.01,0.00,0.00,177.00,855.00,2704.00
4020332650,5/7/2016,6132.00,4.40,4.40,0.00,0.00,0.00,3.58,0.00,0.00,0.00,184.00,1256.00,2975.00
4020332650,5/8/2016,5862.00,4.20,4.20,0.00,0.00,0.00,4.15,0.00,0.00,0.00,263.00,775.00,3089.00
4020332650,5/9/2016,4556.00,3.27,3.27,0.00,0.20,0.12,2.94,0.00,3.00,5.00,173.00,1225.00,2785.00
4020332650,5/10/2016,5546.00,3.98,3.98,0.00,0.00,0.00,3.87,0.04,0.00,0.00,206.00,774.00,2926.00
4020332650,5/11/2016,3689.00,2.65,2.65,0.00,0.11,0.17,2.33,0.00,2.00,8.00,134.00,1296.00,2645.00
4020332650,5/12/2016,590.00,0.42,0.42,0.00,0.00,0.00,0.41,0.00,0.00,0.00,21.00,721.00,1120.00
4057192912,4/12/2016,5394,4.03000021,4.03000021,0,0,0,3.940000057,0,0,0,164,1276,2286
4057192912,4/13/2016,5974,4.46999979,4.46999979,0,0,0,4.369999886,0,0,0,160,1280,2306
4057192912,4/14/2016,0,0,0,0,0,0,0,0,0,0,0,1440,1776
4057192912,4/15/2016,3984,2.950000048,2.950000048,0,0.209999993,0.25999999,2.440000057,0,3,6,88,873,1527
4319703577,4/12/2016,7753,5.199999809,5.199999809,0,0,0,0,0,0,0,0,1440,2115
4319703577,4/13/2016,8204,5.5,5.5,0,0.529999971,0.589999974,1.309999943,0,8,15,96,1234,2135
4319703577,4/14/2016,10210,6.880000114,6.880000114,0,0.109999999,0.330000013,6.440000057,0,1,9,339,589,2302
4319703577,4/15/2016,5664,3.799999952,3.799999952,0,0,0,3.799999952,0,0,0,228,752,1985
4319703577,4/16/2016,4744,3.180000067,3.180000067,0,0,0,3.180000067,0,0,0,194,724,1884
4319703577,4/17/2016,29,0.02,0.02,0,0,0,0.02,0,0,0,3,1363,1464
4319703577,4/18/2016,2276,1.549999952,1.549999952,0,0.07,0.330000013,1.120000005,0,1,9,58,824,1632
4319703577,4/19/2016,8925,5.989999771,5.989999771,0,0,0,5.989999771,0,0,0,311,604,2200
4319703577,4/20/2016,8954,6.010000229,6.010000229,0,0,0.680000007,5.309999943,0,0,18,306,671,2220
4319703577,4/21/2016,3702,2.480000019,2.480000019,0,0,0,0.349999994,0,0,0,34,1265,1792
4319703577,4/22/2016,4500,3.019999981,3.019999981,0,0.059999999,0.810000002,2.150000095,0,1,19,176,709,1886
4319703577,4/23/2016,4935,3.309999943,3.309999943,0,0,0,3.309999943,0,0,0,233,546,1945
4319703577,4/24/2016,4081,2.74000001,2.74000001,0,0.059999999,0.200000003,2.470000029,0,1,5,191,692,1880
4319703577,4/25/2016,9259.00,6.21,6.21,0.00,0.00,0.28,5.93,0.00,0.00,8.00,390.00,544.00,2314.00
4319703577,4/26/2016,9899,6.639999866,6.639999866,0,0.569999993,0.920000017,5.150000095,0,8,21,288,649,2236
4319703577,4/27/2016,10780,7.230000019,7.230000019,0,0.409999996,1.919999957,4.909999847,0,6,47,300,680,2324
4319703577,4/28/2016,10817,7.28000021,7.28000021,0,1.00999999,0.330000013,5.940000057,0,13,8,359,552,2367
4319703577,4/29/2016,7990,5.360000134,5.360000134,0,0.449999988,0.790000021,4.119999886,0,6,18,289,624,2175
4319703577,4/30/2016,8221,5.519999981,5.519999981,0,0.400000006,1.610000014,3.50999999,0,6,38,196,695,2092
4319703577,5/1/2016,1251.00,0.84,0.84,0.00,0.00,0.00,0.84,0.00,0.00,0.00,67.00,836.00,1593.00
4319703577,5/2/2016,9261.00,6.24,6.24,0.00,0.00,0.44,5.71,0.00,0.00,11.00,344.00,585.00,2270.00
4319703577,5/3/2016,9648.00,6.47,6.47,0.00,0.58,1.07,4.83,0.00,8.00,26.00,287.00,669.00,2235.00
4319703577,5/4/2016,10429.00,7.02,7.02,0.00,0.59,0.58,5.85,0.00,8.00,13.00,313.00,1106.00,2282.00
4319703577,5/5/2016,13658.00,9.49,9.49,0.00,2.63,1.41,5.45,0.00,27.00,34.00,328.00,957.00,2530.00
4319703577,5/6/2016,9524.00,6.42,6.42,0.00,0.41,0.47,5.46,0.00,6.00,11.00,314.00,692.00,2266.00
4319703577,5/7/2016,7937.00,5.33,5.33,0.00,0.19,1.05,4.08,0.00,3.00,28.00,279.00,586.00,2158.00
4319703577,5/8/2016,3672.00,2.46,2.46,0.00,0.00,0.00,2.46,0.00,0.00,0.00,153.00,603.00,1792.00
4319703577,5/9/2016,10378.00,6.96,6.96,0.00,0.14,0.56,6.25,0.00,2.00,14.00,374.00,490.00,2345.00
4319703577,5/10/2016,9487.00,6.37,6.37,0.00,0.21,0.46,5.70,0.00,3.00,12.00,329.00,555.00,2260.00
4319703577,5/11/2016,9129.00,6.13,6.13,0.00,0.20,0.74,5.18,0.00,3.00,18.00,311.00,574.00,2232.00
4319703577,5/12/2016,17.00,0.01,0.01,0.00,0.00,0.00,0.01,0.00,0.00,0.00,2.00,0.00,257.00
4388161847,4/12/2016,10122,7.78000021,7.78000021,0,0,0,0,0,0,0,0,1440,2955
4388161847,4/13/2016,10993,8.449999809,8.449999809,0,0.059999999,0.629999995,3.880000114,0,1,14,150,1275,3092
4388161847,4/14/2016,8863,6.820000172,6.820000172,0,0.129999995,1.070000052,5.619999886,0,10,35,219,945,2998
4388161847,4/15/2016,8758,6.730000019,6.730000019,0,0,0,6.730000019,0,0,0,299,837,3066
4388161847,4/16/2016,6580,5.059999943,5.059999943,0,0.209999993,0.400000006,4.449999809,0,6,9,253,609,3073
4388161847,4/17/2016,4660,3.579999924,3.579999924,0,0,0,3.579999924,0,0,0,201,721,2572
4388161847,4/18/2016,11009,9.100000381,9.100000381,0,3.559999943,0.400000006,5.139999866,0,27,8,239,1017,3274
4388161847,4/19/2016,10181,7.829999924,7.829999924,0,1.370000005,0.689999998,5.769999981,0,20,16,249,704,3015
4388161847,4/20/2016,10553,8.119999886,8.119999886,0,1.100000024,1.720000029,5.289999962,0,19,42,228,696,3083
4388161847,4/21/2016,10055,7.730000019,7.730000019,0,0.370000005,0.389999986,6.980000019,0,7,12,272,853,3069
4388161847,4/22/2016,12139,9.340000153,9.340000153,0,3.299999952,1.110000014,4.920000076,0,77,25,220,945,3544
4388161847,4/23/2016,13236,10.18000031,10.18000031,0,4.5,0.319999993,5.349999905,0,58,5,215,749,3306
4388161847,4/24/2016,10243,7.880000114,7.880000114,0,1.080000043,0.50999999,6.300000191,0,14,8,239,584,2885
4388161847,4/25/2016,12961.00,9.97,9.97,0.00,0.73,1.40,7.84,0.00,11.00,31.00,301.00,1054.00,3288.00
4388161847,4/26/2016,9461,7.28000021,7.28000021,0,0.939999998,1.059999943,5.269999981,0,14,23,224,673,2929
4388161847,4/27/2016,11193,8.609999657,8.609999657,0,0.699999988,2.50999999,5.389999866,0,11,48,241,684,3074
4388161847,4/28/2016,10074,7.75,7.75,0,1.289999962,0.430000007,6.03000021,0,19,9,234,878,2969
4388161847,4/29/2016,9232,7.099999905,7.099999905,0,0.800000012,0.889999986,5.420000076,0,13,16,236,1175,2979
4388161847,4/30/2016,12533,9.640000343,9.640000343,0,0.699999988,2,6.940000057,0,14,43,300,537,3283
4388161847,5/1/2016,10255.00,7.89,7.89,0.00,1.01,0.68,6.20,0.00,12.00,15.00,241.00,579.00,2926.00
4388161847,5/2/2016,10096.00,8.40,8.40,0.00,3.77,0.08,4.55,0.00,33.00,4.00,204.00,935.00,3147.00
4388161847,5/3/2016,12727.00,9.79,9.79,0.00,1.13,0.78,7.88,0.00,18.00,18.00,306.00,984.00,3290.00
4388161847,5/4/2016,12375.00,9.52,9.52,0.00,2.79,0.93,5.80,0.00,35.00,21.00,251.00,632.00,3162.00
4388161847,5/5/2016,9603.00,7.38,7.38,0.00,0.63,1.67,5.09,0.00,12.00,39.00,199.00,896.00,2899.00
4388161847,5/6/2016,13175.00,10.13,10.13,0.00,2.11,2.09,5.93,0.00,33.00,45.00,262.00,1100.00,3425.00
4388161847,5/7/2016,22770.00,17.54,17.54,0.00,9.45,2.77,5.33,0.00,120.00,56.00,260.00,508.00,4022.00
4388161847,5/8/2016,17298.00,14.38,14.38,0.00,9.89,1.26,3.23,0.00,107.00,38.00,178.00,576.00,3934.00
4388161847,5/9/2016,10218.00,7.86,7.86,0.00,0.34,0.73,6.79,0.00,6.00,19.00,258.00,1020.00,3013.00
4388161847,5/10/2016,10299.00,7.92,7.92,0.00,0.81,0.65,6.46,0.00,13.00,14.00,267.00,648.00,3061.00
4388161847,5/11/2016,10201.00,7.84,7.84,0.00,0.53,0.79,6.53,0.00,8.00,18.00,256.00,858.00,2954.00
4388161847,5/12/2016,3369.00,2.59,2.59,0.00,0.00,0.00,2.59,0.00,0.00,0.00,108.00,825.00,1623.00
4445114986,4/12/2016,3276,2.200000048,2.200000048,0,0,0,2.200000048,0,0,0,196,787,2113
4445114986,4/13/2016,2961,1.99000001,1.99000001,0,0,0,1.99000001,0,0,0,194,840,2095
4445114986,4/14/2016,3974,2.670000076,2.670000076,0,0,0,2.670000076,0,0,0,231,717,2194
4445114986,4/15/2016,7198,4.829999924,4.829999924,0,0,0,4.829999924,0,0,0,350,711,2496
4445114986,4/16/2016,3945,2.650000095,2.650000095,0,0,0,2.650000095,0,0,0,225,716,2180
4445114986,4/17/2016,2268,1.519999981,1.519999981,0,0,0,1.519999981,0,0,0,114,1219,1933
4445114986,4/18/2016,6155,4.239999771,4.239999771,0,2,0.289999992,1.950000048,0,25,6,162,1247,2248
4445114986,4/19/2016,2064,1.389999986,1.389999986,0,0,0,1.389999986,0,0,0,121,895,1954
4445114986,4/20/2016,2072,1.389999986,1.389999986,0,0,0,1.389999986,0,0,0,137,841,1974
4445114986,4/21/2016,3809,2.559999943,2.559999943,0,0,0,2.539999962,0,0,0,215,756,2150
4445114986,4/22/2016,6831,4.579999924,4.579999924,0,0,0,4.579999924,0,0,0,317,706,2432
4445114986,4/23/2016,4363,2.930000067,2.930000067,0,0,0,2.930000067,0,0,0,201,1239,2149
4445114986,4/24/2016,5002,3.359999895,3.359999895,0,0,0,3.359999895,0,0,0,244,1196,2247
4445114986,4/25/2016,3385.00,2.27,2.27,0.00,0.00,0.00,2.27,0.00,0.00,0.00,179.00,916.00,2070.00
4445114986,4/26/2016,6326,4.409999847,4.409999847,0,2.410000086,0.039999999,1.960000038,0,29,1,180,839,2291
4445114986,4/27/2016,7243,5.03000021,5.03000021,0,2.619999886,0.029999999,2.380000114,0,32,1,194,839,2361
4445114986,4/28/2016,4493,3.00999999,3.00999999,0,0,0,3.00999999,0,0,0,236,762,2203
4445114986,4/29/2016,4676,3.140000105,3.140000105,0,0,0,3.130000114,0,0,0,226,1106,2196
4445114986,4/30/2016,6222,4.179999828,4.179999828,0,0,0,4.179999828,0,0,0,290,797,2363
4445114986,5/1/2016,5232.00,3.51,3.51,0.00,0.00,0.00,3.51,0.00,0.00,0.00,240.00,741.00,2246.00
4445114986,5/2/2016,6910.00,4.75,4.75,0.00,2.21,0.19,2.35,0.00,27.00,4.00,200.00,667.00,2336.00
4445114986,5/3/2016,7502.00,5.18,5.18,0.00,2.48,0.11,2.58,0.00,30.00,2.00,233.00,725.00,2421.00
4445114986,5/4/2016,2923.00,1.96,1.96,0.00,0.00,0.00,1.96,0.00,0.00,0.00,180.00,897.00,2070.00
4445114986,5/5/2016,3800.00,2.55,2.55,0.00,0.12,0.24,2.18,0.00,2.00,6.00,185.00,734.00,2120.00
4445114986,5/6/2016,4514.00,3.03,3.03,0.00,0.00,0.00,3.03,0.00,0.00,0.00,229.00,809.00,2211.00
4445114986,5/7/2016,5183.00,3.59,3.59,0.00,2.13,0.19,1.25,0.00,26.00,4.00,108.00,866.00,2123.00
4445114986,5/8/2016,7303.00,4.90,4.90,0.00,0.00,0.25,4.65,0.00,0.00,8.00,308.00,733.00,2423.00
4445114986,5/9/2016,5275.00,3.54,3.54,0.00,0.00,0.00,3.54,0.00,0.00,0.00,266.00,641.00,2281.00
4445114986,5/10/2016,3915.00,2.63,2.63,0.00,0.00,0.00,2.63,0.00,0.00,0.00,231.00,783.00,2181.00
4445114986,5/11/2016,9105.00,6.11,6.11,0.00,2.25,1.00,2.86,0.00,34.00,22.00,232.00,622.00,2499.00
4445114986,5/12/2016,768.00,0.52,0.52,0.00,0.00,0.00,0.52,0.00,0.00,0.00,58.00,380.00,1212.00
4558609924,4/12/2016,5135,3.390000105,3.390000105,0,0,0,3.390000105,0,0,0,318,1122,1909
4558609924,4/13/2016,4978,3.289999962,3.289999962,0,1.24000001,0.439999998,1.610000014,0,19,7,127,1287,1722
4558609924,4/14/2016,6799,4.489999771,4.489999771,0,0,0,4.489999771,0,0,0,279,1161,1922
4558609924,4/15/2016,7795,5.150000095,5.150000095,0,0.589999974,0.839999974,3.730000019,0,17,30,262,1131,2121
4558609924,4/16/2016,7289,4.820000172,4.820000172,0,0.550000012,0.75,3.5,0,8,12,308,1112,1997
4558609924,4/17/2016,9634,6.400000095,6.400000095,0,0.550000012,1.139999986,4.710000038,0,7,19,304,1110,2117
4558609924,4/18/2016,8940,5.909999847,5.909999847,0,0.980000019,0.930000007,4,0,14,15,331,1080,2116
4558609924,4/19/2016,5401,3.569999933,3.569999933,0,0.050000001,0.360000014,3.160000086,0,1,9,248,1182,1876
4558609924,4/20/2016,4803,3.170000076,3.170000076,0,0,0,3.170000076,0,0,0,222,1218,1788
4558609924,4/21/2016,13743,9.079999924,9.079999924,0,0.419999987,0.970000029,7.699999809,0,6,21,432,844,2486
4558609924,4/22/2016,9601,6.349999905,6.349999905,0,1.370000005,1.5,3.470000029,0,20,25,273,1122,2094
4558609924,4/23/2016,6890,4.550000191,4.550000191,0,0.340000004,0.200000003,4.010000229,0,5,5,308,1122,2085
4558609924,4/24/2016,8563,5.659999847,5.659999847,0,0,0,5.650000095,0,0,0,395,1045,2173
4558609924,4/25/2016,8095.00,5.35,5.35,0.00,0.59,0.25,4.51,0.00,18.00,10.00,340.00,993.00,2225.00
4558609924,4/26/2016,9148,6.050000191,6.050000191,0,0.430000007,2.029999971,3.589999914,0,12,41,283,1062,2223
4558609924,4/27/2016,9557,6.320000172,6.320000172,0,1.960000038,0.889999986,3.460000038,0,27,14,312,1087,2098
4558609924,4/28/2016,9451,6.25,6.25,0,0.02,0.270000011,5.949999809,0,1,11,367,985,2185
4558609924,4/29/2016,7833,5.179999828,5.179999828,0,1.019999981,1.850000024,2.309999943,0,15,29,197,1096,1918
4558609924,4/30/2016,10319,6.820000172,6.820000172,0,0.469999999,1.889999986,4.460000038,0,7,29,293,1111,2105
4558609924,5/1/2016,3428.00,2.27,2.27,0.00,0.00,0.00,2.27,0.00,0.00,0.00,190.00,1121.00,1692.00
4558609924,5/2/2016,7891.00,5.22,5.22,0.00,0.00,0.00,5.22,0.00,0.00,0.00,383.00,1057.00,2066.00
4558609924,5/3/2016,5267.00,3.48,3.48,0.00,0.60,0.28,2.60,0.00,21.00,10.00,237.00,1172.00,1953.00
4558609924,5/4/2016,5232.00,3.46,3.46,0.00,0.00,0.00,3.46,0.00,0.00,0.00,252.00,1188.00,1842.00
4558609924,5/5/2016,10611.00,7.01,7.01,0.00,1.01,0.50,5.51,0.00,14.00,8.00,370.00,1048.00,2262.00
4558609924,5/6/2016,3755.00,2.48,2.48,0.00,0.00,0.00,2.48,0.00,0.00,0.00,202.00,1238.00,1722.00
4558609924,5/7/2016,8237.00,5.44,5.44,0.00,1.61,1.00,2.83,0.00,23.00,16.00,233.00,1116.00,1973.00
4558609924,5/8/2016,6543.00,4.33,4.33,0.00,1.80,0.50,2.02,0.00,66.00,35.00,238.00,1019.00,2666.00
4558609924,5/9/2016,11451.00,7.57,7.57,0.00,0.43,1.62,5.52,0.00,6.00,30.00,339.00,1065.00,2223.00
4558609924,5/10/2016,6435.00,4.25,4.25,0.00,0.74,1.12,2.39,0.00,11.00,18.00,220.00,1191.00,1889.00
4558609924,5/11/2016,9108.00,6.02,6.02,0.00,0.26,1.82,3.94,0.00,4.00,31.00,324.00,1081.00,2131.00
4558609924,5/12/2016,6307.00,4.17,4.17,0.00,0.00,0.00,4.17,0.00,0.00,0.00,247.00,736.00,1452.00
4702921684,4/12/2016,7213,5.880000114,5.880000114,0,0,0,5.849999905,0,0,0,263,718,2947
4702921684,4/13/2016,6877,5.579999924,5.579999924,0,0,0,5.579999924,0,0,0,258,777,2898
4702921684,4/14/2016,7860,6.369999886,6.369999886,0,0,0,6.369999886,0,0,0,271,772,2984
4702921684,4/15/2016,6506,5.28000021,5.28000021,0,0.07,0.419999987,4.789999962,0,1,8,256,944,2896
4702921684,4/16/2016,11140,9.029999733,9.029999733,0,0.239999995,1.25,7.539999962,0,3,24,335,556,3328
4702921684,4/17/2016,12692,10.28999996,10.28999996,0,0.959999979,3.460000038,5.880000114,0,12,66,302,437,3394
4702921684,4/18/2016,9105,7.380000114,7.380000114,0,1.820000052,1.49000001,4.070000172,0,22,30,191,890,3013
4702921684,4/19/2016,6708,5.440000057,5.440000057,0,0.879999995,0.370000005,4.190000057,0,10,8,179,757,2812
4702921684,4/20/2016,8793,7.130000114,7.130000114,0,0.159999996,1.230000019,5.730000019,0,2,29,260,717,3061
4702921684,4/21/2016,6530,5.300000191,5.300000191,0,0.310000002,2.049999952,2.940000057,0,4,41,144,901,2729
4702921684,4/22/2016,1664,1.350000024,1.350000024,0,0,0,1.350000024,0,0,0,72,1341,2241
4702921684,4/23/2016,15126,12.27000046,12.27000046,0,0.75999999,3.24000001,8.270000458,0,9,66,408,469,3691
4702921684,4/24/2016,15050,12.22000027,12.22000027,0,1.200000048,5.119999886,5.880000114,0,15,95,281,542,3538
4702921684,4/25/2016,9167.00,7.43,7.43,0.00,0.49,0.82,6.11,0.00,6.00,15.00,270.00,730.00,3064.00
4702921684,4/26/2016,6108,4.949999809,4.949999809,0,0.07,0.349999994,4.539999962,0,1,8,216,765,2784
4702921684,4/27/2016,7047,5.71999979,5.71999979,0,0.090000004,0.800000012,4.78000021,0,1,16,238,733,2908
4702921684,4/28/2016,9023,7.320000172,7.320000172,0,1.129999995,0.419999987,5.769999981,0,14,9,232,738,3033
4702921684,4/29/2016,9930,8.050000191,8.050000191,0,1.059999943,0.920000017,6.070000172,0,12,19,267,692,3165
4702921684,4/30/2016,10144,8.229999542,8.229999542,0,0.319999993,2.029999971,5.880000114,0,4,36,263,728,3115
4702921684,5/1/2016,0.00,0.00,0.00,0.00,0.00,0.00,0.00,0.00,0.00,0.00,0.00,1440.00,2017.00
4702921684,5/2/2016,7245.00,5.92,5.92,0.00,0.38,1.74,3.76,0.00,5.00,40.00,195.00,1131.00,2859.00
4702921684,5/3/2016,9454.00,7.67,7.67,0.00,0.00,0.00,7.67,0.00,0.00,0.00,313.00,729.00,3145.00
4702921684,5/4/2016,8161.00,6.62,6.62,0.00,0.34,0.73,5.54,0.00,4.00,15.00,251.00,757.00,3004.00
4702921684,5/5/2016,8614.00,6.99,6.99,0.00,0.67,0.22,6.09,0.00,8.00,5.00,241.00,745.00,3006.00
4702921684,5/6/2016,6943.00,5.63,5.63,0.00,0.08,0.66,4.87,0.00,1.00,16.00,207.00,682.00,2859.00
4702921684,5/7/2016,14370.00,11.65,11.65,0.00,0.37,2.31,8.97,0.00,5.00,46.00,439.00,577.00,3683.00
4702921684,5/8/2016,12857.00,10.43,10.43,0.00,0.68,6.21,3.54,0.00,9.00,125.00,192.00,1019.00,3287.00
4702921684,5/9/2016,8232.00,6.68,6.68,0.00,0.00,0.57,6.10,0.00,0.00,12.00,253.00,746.00,2990.00
4702921684,5/10/2016,10613.00,8.61,8.61,0.00,0.08,1.88,6.65,0.00,1.00,37.00,262.00,701.00,3172.00
4702921684,5/11/2016,9810.00,7.96,7.96,0.00,0.78,2.16,4.98,0.00,10.00,41.00,235.00,784.00,3069.00
4702921684,5/12/2016,2752.00,2.23,2.23,0.00,0.00,0.00,2.23,0.00,0.00,0.00,68.00,241.00,1240.00
5553957443,4/12/2016,11596,7.570000172,7.570000172,0,1.370000005,0.790000021,5.409999847,0,19,13,277,767,2026
5553957443,4/13/2016,4832,3.160000086,3.160000086,0,0,0,3.160000086,0,0,0,226,647,1718
5553957443,4/14/2016,17022,11.11999989,11.11999989,0,4,2.450000048,4.670000076,0,61,41,256,693,2324
5553957443,4/15/2016,16556,10.85999966,10.85999966,0,4.159999847,1.980000019,4.710000038,0,58,38,239,689,2254
5553957443,4/16/2016,5771,3.769999981,3.769999981,0,0,0,3.769999981,0,0,0,288,521,1831
5553957443,4/17/2016,655,0.430000007,0.430000007,0,0,0,0.430000007,0,0,0,46,943,1397
5553957443,4/18/2016,3727,2.430000067,2.430000067,0,0,0,2.430000067,0,0,0,206,622,1683
5553957443,4/19/2016,15482,10.10999966,10.10999966,0,4.28000021,1.659999967,4.179999828,0,69,28,249,756,2284
5553957443,4/20/2016,2713,1.769999981,1.769999981,0,0,0,1.769999981,0,0,0,148,598,1570
5553957443,4/21/2016,12346,8.06000042,8.06000042,0,2.950000048,2.160000086,2.960000038,0,47,42,177,801,2066
5553957443,4/22/2016,11682,7.630000114,7.630000114,0,1.379999995,0.629999995,5.599999905,0,25,16,270,781,2105
5553957443,4/23/2016,4112,2.690000057,2.690000057,0,0,0,2.680000067,0,0,0,272,443,1776
5553957443,4/24/2016,1807,1.179999948,1.179999948,0,0,0,1.179999948,0,0,0,104,582,1507
5553957443,4/25/2016,10946.00,7.19,7.19,0.00,2.93,0.57,3.69,0.00,51.00,11.00,201.00,732.00,2033.00
5553957443,4/26/2016,11886,7.760000229,7.760000229,0,2.369999886,0.930000007,4.460000038,0,40,18,238,750,2093
5553957443,4/27/2016,10538,6.880000114,6.880000114,0,1.139999986,1,4.739999771,0,16,16,206,745,1922
5553957443,4/28/2016,11393,7.630000114,7.630000114,0,3.710000038,0.75,3.170000076,0,49,13,165,727,1999
5553957443,4/29/2016,12764,8.329999924,8.329999924,0,2.789999962,0.639999986,4.909999847,0,46,15,270,709,2169
5553957443,4/30/2016,1202,0.779999971,0.779999971,0,0,0,0.779999971,0,0,0,84,506,1463
5553957443,5/1/2016,5164.00,3.37,3.37,0.00,0.00,0.00,3.37,0.00,0.00,0.00,237.00,436.00,1747.00
5553957443,5/2/2016,9769.00,6.38,6.38,0.00,1.06,0.41,4.90,0.00,23.00,9.00,227.00,724.00,1996.00
5553957443,5/3/2016,12848.00,8.39,8.39,0.00,1.50,1.20,5.68,0.00,26.00,29.00,247.00,812.00,2116.00
5553957443,5/4/2016,4249.00,2.77,2.77,0.00,0.00,0.00,2.77,0.00,0.00,0.00,224.00,651.00,1698.00
5553957443,5/5/2016,14331.00,9.51,9.51,0.00,3.43,1.66,4.43,0.00,44.00,29.00,241.00,692.00,2156.00
5553957443,5/6/2016,9632.00,6.29,6.29,0.00,1.52,0.54,4.23,0.00,21.00,9.00,229.00,761.00,1916.00
5553957443,5/7/2016,1868.00,1.22,1.22,0.00,0.00,0.00,1.22,0.00,0.00,0.00,96.00,902.00,1494.00
5553957443,5/8/2016,6083.00,4.00,4.00,0.00,0.22,0.47,3.30,0.00,3.00,8.00,210.00,505.00,1762.00
5553957443,5/9/2016,11611.00,7.58,7.58,0.00,2.13,0.89,4.56,0.00,59.00,22.00,251.00,667.00,2272.00
5553957443,5/10/2016,16358.00,10.71,10.71,0.00,3.87,1.61,5.20,0.00,61.00,40.00,265.00,707.00,2335.00
5553957443,5/11/2016,4926.00,3.22,3.22,0.00,0.00,0.00,3.22,0.00,0.00,0.00,195.00,628.00,1693.00
5553957443,5/12/2016,3121.00,2.04,2.04,0.00,0.58,0.40,1.06,0.00,8.00,6.00,48.00,222.00,741.00
5577150313,4/12/2016,8135,6.079999924,6.079999924,0,3.599999905,0.379999995,2.099999905,0,86,16,140,728,3405
5577150313,4/13/2016,5077,3.789999962,3.789999962,0,0.319999993,0.219999999,3.25,0,15,11,144,776,2551
5577150313,4/14/2016,8596,6.420000076,6.420000076,0,3.329999924,0.310000002,2.779999971,0,118,30,176,662,4022
5577150313,4/15/2016,12087,9.079999924,9.079999924,0,3.920000076,1.600000024,3.559999943,0,115,54,199,695,4005
5577150313,4/16/2016,14269,10.65999985,10.65999985,0,6.639999866,1.279999971,2.730000019,0,184,56,158,472,4274
5577150313,4/17/2016,12231,9.140000343,9.140000343,0,5.980000019,0.829999983,2.319999933,0,200,37,159,525,4552
5577150313,4/18/2016,9893,7.389999866,7.389999866,0,4.860000134,0.720000029,1.820000052,0,114,32,130,623,3625
5577150313,4/19/2016,12574,9.420000076,9.420000076,0,7.019999981,0.639999986,1.75999999,0,108,23,111,733,3501
5577150313,4/20/2016,8330,6.21999979,6.21999979,0,4.119999886,0.340000004,1.75999999,0,87,16,113,773,3192
5577150313,4/21/2016,10830,8.090000153,8.090000153,0,3.650000095,1.659999967,2.779999971,0,110,74,175,670,4018
5577150313,4/22/2016,9172,6.849999905,6.849999905,0,2.420000076,0.790000021,3.299999952,0,62,30,200,823,3329
5577150313,4/23/2016,7638,5.710000038,5.710000038,0,1.210000038,0.360000014,4.139999866,0,24,24,223,627,3152
5577150313,4/24/2016,15764,11.77999973,11.77999973,0,7.650000095,2.150000095,1.980000019,0,210,65,141,425,4392
5577150313,4/25/2016,6393.00,4.78,4.78,0.00,1.35,0.67,2.76,0.00,61.00,38.00,214.00,743.00,3374.00
5577150313,4/26/2016,5325,3.980000019,3.980000019,0,0.850000024,0.649999976,2.470000029,0,38,32,181,759,3088
5577150313,4/27/2016,6805,5.139999866,5.139999866,0,1.809999943,0.400000006,2.930000067,0,63,16,190,773,3294
5577150313,4/28/2016,9841,7.429999828,7.429999828,0,3.25,1.169999957,3.00999999,0,99,51,141,692,3580
5577150313,4/29/2016,7924,5.920000076,5.920000076,0,2.839999914,0.610000014,2.470000029,0,97,36,165,739,3544
5577150313,4/30/2016,12363,9.239999771,9.239999771,0,5.829999924,0.790000021,2.609999895,0,207,45,163,621,4501
5577150313,5/1/2016,13368.00,9.99,9.99,0.00,5.31,1.44,3.24,0.00,194.00,72.00,178.00,499.00,4546.00
5577150313,5/2/2016,7439.00,5.56,5.56,0.00,1.12,0.35,4.07,0.00,37.00,20.00,235.00,732.00,3014.00
5577150313,5/3/2016,11045.00,8.25,8.25,0.00,4.52,0.15,3.57,0.00,97.00,8.00,212.00,580.00,3795.00
5577150313,5/4/2016,5206.00,3.89,3.89,0.00,1.56,0.25,2.08,0.00,25.00,9.00,141.00,631.00,2755.00
5577150313,5/5/2016,7550.00,5.64,5.64,0.00,2.50,0.47,2.67,0.00,45.00,21.00,143.00,1153.00,3004.00
5577150313,5/6/2016,4950.00,3.70,3.70,0.00,1.93,0.32,1.45,0.00,41.00,16.00,79.00,1304.00,2643.00
5577150313,5/7/2016,0.00,0.00,0.00,0.00,0.00,0.00,0.00,0.00,0.00,0.00,0.00,1440.00,1819.00
5577150313,5/8/2016,0.00,0.00,0.00,0.00,0.00,0.00,0.00,0.00,0.00,0.00,0.00,1440.00,1819.00
5577150313,5/9/2016,3421.00,2.56,2.56,0.00,1.43,0.14,0.99,0.00,34.00,11.00,70.00,1099.00,2489.00
5577150313,5/10/2016,8869.00,6.65,6.65,0.00,2.56,0.75,3.35,0.00,104.00,37.00,194.00,639.00,3841.00
5577150313,5/11/2016,4038.00,3.04,3.04,0.00,1.83,0.30,0.89,0.00,45.00,15.00,63.00,257.00,1665.00
6117666160,4/12/2016,0,0,0,0,0,0,0,0,0,0,0,1440,1496
6117666160,4/13/2016,0,0,0,0,0,0,0,0,0,0,0,1440,1496
6117666160,4/14/2016,0,0,0,0,0,0,0,0,0,0,0,1440,1496
6117666160,4/15/2016,14019,10.59000015,10.59000015,0,0,0.280000001,10.30000019,0,0,6,513,921,2865
6117666160,4/16/2016,14450,10.90999985,10.90999985,0,0.579999983,0.850000024,9.479999542,0,7,15,518,502,2828
6117666160,4/17/2016,7150,5.400000095,5.400000095,0,0,0,5.400000095,0,0,0,312,702,2225
6117666160,4/18/2016,5153,3.910000086,3.910000086,0,0,0,3.890000105,0,0,0,241,759,2018
6117666160,4/19/2016,11135,8.409999847,8.409999847,0,0,0,8.409999847,0,0,0,480,425,2606
6117666160,4/20/2016,10449,8.020000458,8.020000458,0,2.029999971,0.479999989,5.519999981,0,26,10,349,587,2536
6117666160,4/21/2016,19542,15.01000023,15.01000023,0,0.980000019,0.400000006,5.619999886,0,11,19,294,579,4900
6117666160,4/22/2016,8206,6.199999809,6.199999809,0,0,0,6.199999809,0,0,0,402,413,2409
6117666160,4/23/2016,11495,8.680000305,8.680000305,0,0,0,8.680000305,0,0,0,512,468,2651
6117666160,4/24/2016,7623,5.760000229,5.760000229,0,0,0,5.760000229,0,0,0,362,711,2305
6117666160,4/25/2016,0.00,0.00,0.00,0.00,0.00,0.00,0.00,0.00,0.00,0.00,0.00,1440.00,1497.00
6117666160,4/26/2016,9543,7.210000038,7.210000038,0,0,0.340000004,6.869999886,0,0,7,352,1077,2450
6117666160,4/27/2016,9411,7.110000134,7.110000134,0,0,0,7.110000134,0,0,0,458,417,2576
6117666160,4/28/2016,3403,2.599999905,2.599999905,0,0,0,2.599999905,0,0,0,141,758,1879
6117666160,4/29/2016,9592,7.239999771,7.239999771,0,0,0,7.239999771,0,0,0,461,479,2560
6117666160,4/30/2016,6987,5.28000021,5.28000021,0,0,0,5.28000021,0,0,0,343,1040,2275
6117666160,5/1/2016,8915.00,6.73,6.73,0.00,0.00,0.00,6.73,0.00,0.00,0.00,397.00,525.00,2361.00
6117666160,5/2/2016,4933.00,3.73,3.73,0.00,0.00,0.00,3.73,0.00,0.00,0.00,236.00,1204.00,2044.00
6117666160,5/3/2016,0.00,0.00,0.00,0.00,0.00,0.00,0.00,0.00,0.00,0.00,0.00,1440.00,1496.00
6117666160,5/4/2016,2997.00,2.26,2.26,0.00,0.00,0.00,2.26,0.00,0.00,0.00,156.00,1279.00,1902.00
6117666160,5/5/2016,9799.00,7.40,7.40,0.00,0.00,0.00,7.40,0.00,0.00,0.00,487.00,479.00,2636.00
6117666160,5/6/2016,3365.00,2.68,2.68,0.00,0.00,0.00,2.68,0.00,0.00,0.00,133.00,673.00,1838.00
6117666160,5/7/2016,7336.00,5.54,5.54,0.00,0.00,0.00,5.54,0.00,0.00,0.00,412.00,456.00,2469.00
6117666160,5/8/2016,7328.00,5.53,5.53,0.00,0.00,0.00,5.53,0.00,0.00,0.00,318.00,517.00,2250.00
6117666160,5/9/2016,4477.00,3.38,3.38,0.00,0.00,0.00,3.38,0.00,0.00,0.00,197.00,125.00,1248.00
6290855005,4/12/2016,4562,3.450000048,3.450000048,0,0,0,3.450000048,0,0,0,199,1241,2560
6290855005,4/13/2016,7142,5.400000095,5.400000095,0,0,0,5.389999866,0.01,0,0,350,1090,2905
6290855005,4/14/2016,7671,5.800000191,5.800000191,0,0,0,5.769999981,0.029999999,0,0,363,1077,2952
6290855005,4/15/2016,9501,7.179999828,7.179999828,0,0,0,7.170000076,0.01,0,0,328,1112,2896
6290855005,4/16/2016,8301,6.28000021,6.28000021,0,0,0,6.269999981,0.01,0,0,258,1182,2783
6290855005,4/17/2016,7851,5.940000057,5.940000057,0,1.139999986,0.790000021,4,0,31,12,225,1172,3171
6290855005,4/18/2016,6885,5.210000038,5.210000038,0,0,0,5.190000057,0.02,0,0,271,1169,2766
6290855005,4/19/2016,7142,5.400000095,5.400000095,0,0,0,5.389999866,0.01,0,0,321,1119,2839
6290855005,4/20/2016,6361,4.809999943,4.809999943,0,0,0,4.800000191,0.01,0,0,258,1182,2701
6290855005,4/21/2016,0,0,0,0,0,0,0,0,0,0,0,1440,2060
6290855005,4/22/2016,6238,4.71999979,4.71999979,0,0,0,4.71999979,0,0,0,302,1138,2796
6290855005,4/23/2016,0,0,0,0,0,0,0,0,33,0,0,1407,2664
6290855005,4/24/2016,5896,4.460000038,4.460000038,0,0,0,4.460000038,0,0,0,258,1182,2703
6290855005,4/25/2016,7802.00,5.90,5.90,0.00,0.68,0.18,5.03,0.01,8.00,3.00,249.00,1180.00,2771.00
6290855005,4/26/2016,0,0,0,0,0,0,0,0,0,0,0,1440,2060
6290855005,4/27/2016,5565,4.210000038,4.210000038,0,0,0,4.179999828,0.029999999,0,0,287,1153,2743
6290855005,4/28/2016,5731,4.329999924,4.329999924,0,0,0,4.329999924,0,0,0,255,1185,2687
6290855005,4/29/2016,0,0,0,0,0,0,0,0,0,0,0,1440,2060
6290855005,4/30/2016,6744,5.099999905,5.099999905,0,0,0,5.090000153,0.01,0,0,324,1116,2843
6290855005,5/1/2016,9837.00,7.44,7.44,0.00,0.66,2.75,4.00,0.02,8.00,95.00,282.00,1055.00,3327.00
6290855005,5/2/2016,6781.00,5.13,5.13,0.00,0.00,0.00,5.11,0.02,0.00,0.00,268.00,1172.00,2725.00
6290855005,5/3/2016,6047.00,4.57,4.57,0.00,0.00,0.00,4.57,0.00,0.00,0.00,240.00,1200.00,2671.00
6290855005,5/4/2016,5832.00,4.41,4.41,0.00,0.00,0.00,4.40,0.01,0.00,0.00,272.00,1168.00,2718.00
6290855005,5/5/2016,6339.00,4.79,4.79,0.00,0.00,0.00,4.79,0.00,0.00,0.00,239.00,1201.00,2682.00
6290855005,5/6/2016,6116.00,4.62,4.62,0.00,0.00,0.00,4.59,0.03,0.00,0.00,305.00,1135.00,2806.00
6290855005,5/7/2016,5510.00,4.17,4.17,0.00,0.00,0.00,4.16,0.00,0.00,0.00,227.00,1213.00,2613.00
6290855005,5/8/2016,7706.00,5.83,5.83,0.00,0.00,0.00,5.82,0.00,0.00,0.00,251.00,1189.00,2712.00
6290855005,5/9/2016,6277.00,4.75,4.75,0.00,0.00,0.00,4.73,0.02,0.00,0.00,264.00,800.00,2175.00
6290855005,5/10/2016,0.00,0.00,0.00,0.00,0.00,0.00,0.00,0.00,0.00,0.00,0.00,1440.00,0.00
6775888955,4/12/2016,0,0,0,0,0,0,0,0,0,0,0,1440,1841
6775888955,4/13/2016,4053,2.910000086,2.910000086,0,1.110000014,0.579999983,1.220000029,0,17,18,85,1053,2400
6775888955,4/14/2016,5162,3.700000048,3.700000048,0,0.870000005,0.860000014,1.970000029,0,14,24,105,863,2507
6775888955,4/15/2016,1282,0.920000017,0.920000017,0,0,0,0.920000017,0,0,0,58,976,2127
6775888955,4/16/2016,4732,3.390000105,3.390000105,0,2.519999981,0.810000002,0.059999999,0,36,18,9,1377,2225
6775888955,4/17/2016,2497,1.789999962,1.789999962,0,0.349999994,1.129999995,0.310000002,0,5,24,19,1392,2067
6775888955,4/18/2016,8294,5.949999809,5.949999809,0,2,0.769999981,3.170000076,0,30,31,146,1233,2798
6775888955,4/19/2016,0,0,0,0,0,0,0,0,0,0,0,1440,1841
6775888955,4/20/2016,10771,7.71999979,7.71999979,0,3.769999981,1.74000001,2.220000029,0,70,113,178,1079,3727
6775888955,4/21/2016,0,0,0,0,0,0,0,0,0,0,0,1440,1841
6775888955,4/22/2016,637,0.460000008,0.460000008,0,0,0,0.460000008,0,0,0,20,1420,1922
6775888955,4/23/2016,0,0,0,0,0,0,0,0,0,0,0,1440,1841
6775888955,4/24/2016,2153,1.539999962,1.539999962,0,0.769999981,0.620000005,0.150000006,0,11,18,11,1400,2053
6775888955,4/25/2016,6474.00,4.64,4.64,0.00,2.27,0.46,1.90,0.00,33.00,13.00,92.00,1302.00,2484.00
6775888955,4/26/2016,7091,5.269999981,5.269999981,1.959596038,3.480000019,0.870000005,0.730000019,0,42,30,47,1321,2584
6775888955,4/27/2016,0,0,0,0,0,0,0,0,0,0,0,1440,1841
6775888955,4/28/2016,703,0.5,0.5,0,0.059999999,0.200000003,0.239999995,0,2,13,15,1410,1993
6775888955,4/29/2016,0,0,0,0,0,0,0,0,0,0,0,1440,1841
6775888955,4/30/2016,2503,1.789999962,1.789999962,0,0.159999996,0.159999996,1.480000019,0,3,9,84,1344,2280
6775888955,5/1/2016,2487.00,1.78,1.78,0.00,0.48,0.62,0.68,0.00,9.00,34.00,50.00,1347.00,2319.00
6775888955,5/2/2016,0.00,0.00,0.00,0.00,0.00,0.00,0.00,0.00,0.00,0.00,0.00,1440.00,1841.00
6775888955,5/3/2016,9.00,0.01,0.01,0.00,0.00,0.00,0.01,0.00,0.00,0.00,1.00,1439.00,1843.00
6775888955,5/4/2016,0.00,0.00,0.00,0.00,0.00,0.00,0.00,0.00,0.00,0.00,0.00,1440.00,1841.00
6775888955,5/5/2016,0.00,0.00,0.00,0.00,0.00,0.00,0.00,0.00,0.00,0.00,0.00,1440.00,1841.00
6775888955,5/6/2016,4697.00,3.37,3.37,0.00,0.47,0.93,1.93,0.00,12.00,35.00,75.00,1318.00,2496.00
6775888955,5/7/2016,1967.00,1.41,1.41,0.00,0.13,0.24,1.05,0.00,2.00,5.00,49.00,551.00,1032.00
6962181067,4/12/2016,10199,6.739999771,6.739999771,0,3.400000095,0.829999983,2.50999999,0,50,14,189,796,1994
6962181067,4/13/2016,5652,3.74000001,3.74000001,0,0.569999993,1.210000038,1.960000038,0,8,24,142,548,1718
6962181067,4/14/2016,1551,1.029999971,1.029999971,0,0,0,1.029999971,0,0,0,86,862,1466
6962181067,4/15/2016,5563,3.680000067,3.680000067,0,0,0,3.680000067,0,0,0,217,837,1756
6962181067,4/16/2016,13217,8.739999771,8.739999771,0,3.660000086,0.189999998,4.880000114,0,50,3,280,741,2173
6962181067,4/17/2016,10145,6.710000038,6.710000038,0,0.330000013,0.680000007,5.690000057,0,5,13,295,634,2027
6962181067,4/18/2016,11404,7.539999962,7.539999962,0,0.829999983,2.390000105,4.320000172,0,13,42,238,689,2039
6962181067,4/19/2016,10742,7.099999905,7.099999905,0,2.099999905,2.130000114,2.869999886,0,35,41,195,659,2046
6962181067,4/20/2016,13928,9.550000191,9.550000191,0,4.28000021,0.189999998,5.090000153,0,48,4,297,639,2174
6962181067,4/21/2016,11835,9.710000038,7.880000114,4.081692219,3.99000001,2.099999905,3.50999999,0.109999999,53,27,214,708,2179
6962181067,4/22/2016,10725,7.090000153,7.090000153,0,1.769999981,1.549999952,3.769999981,0,30,33,240,659,2086
6962181067,4/23/2016,20031,13.23999977,13.23999977,0,4.199999809,2,7.039999962,0,58,41,347,484,2571
6962181067,4/24/2016,5029,3.319999933,3.319999933,0,0,0,3.319999933,0,0,0,199,720,1705
6962181067,4/25/2016,13239.00,9.27,9.08,2.79,3.02,1.68,4.46,0.10,35.00,31.00,282.00,637.00,2194.00
6962181067,4/26/2016,10433,6.900000095,6.900000095,0,2.579999924,0.419999987,3.900000095,0,36,7,254,680,2012
6962181067,4/27/2016,10320,6.820000172,6.820000172,0,0.550000012,2.019999981,4.25,0,7,38,279,697,2034
6962181067,4/28/2016,12627,8.350000381,8.350000381,0,2.50999999,0.239999995,5.590000153,0,38,8,288,621,2182
6962181067,4/29/2016,10762,7.110000134,7.110000134,0,0.819999993,0.479999989,5.809999943,0,12,15,369,645,2254
6962181067,4/30/2016,10081,6.659999847,6.659999847,0,2.24000001,0.75999999,3.670000076,0,32,16,237,731,2002
6962181067,5/1/2016,5454.00,3.61,3.61,0.00,0.00,0.00,3.61,0.00,0.00,0.00,215.00,722.00,1740.00
6962181067,5/2/2016,12912.00,8.54,8.54,0.00,1.20,2.00,5.34,0.00,18.00,39.00,313.00,655.00,2162.00
6962181067,5/3/2016,12109.00,8.12,8.12,0.00,1.74,2.04,4.33,0.00,21.00,36.00,267.00,654.00,2072.00
6962181067,5/4/2016,10147.00,6.71,6.71,0.00,0.47,1.68,4.55,0.00,15.00,36.00,284.00,683.00,2086.00
6962181067,5/5/2016,10524.00,6.96,6.96,0.00,0.99,1.16,4.81,0.00,14.00,22.00,305.00,591.00,2066.00
6962181067,5/6/2016,5908.00,3.91,3.91,0.00,0.00,0.00,3.91,0.00,0.00,0.00,299.00,717.00,1850.00
6962181067,5/7/2016,6815.00,4.50,4.50,0.00,0.00,0.00,4.50,0.00,0.00,0.00,328.00,745.00,1947.00
6962181067,5/8/2016,4188.00,2.77,2.77,0.00,0.00,0.52,2.25,0.00,0.00,14.00,151.00,709.00,1659.00
6962181067,5/9/2016,12342.00,8.72,8.68,3.17,3.90,1.18,3.65,0.00,43.00,21.00,231.00,607.00,2105.00
6962181067,5/10/2016,15448.00,10.21,10.21,0.00,3.47,1.75,4.99,0.00,62.00,34.00,275.00,626.00,2361.00
6962181067,5/11/2016,6722.00,4.44,4.44,0.00,1.49,0.31,2.65,0.00,24.00,7.00,199.00,709.00,1855.00
6962181067,5/12/2016,3587.00,2.37,2.37,0.00,0.00,0.25,2.11,0.00,0.00,8.00,105.00,127.00,928.00
7007744171,4/12/2016,14172,10.28999996,9.479999542,4.869782925,4.5,0.379999995,5.409999847,0,53,8,355,1024,2937
7007744171,4/13/2016,12862,9.649999619,8.600000381,4.851306915,4.610000134,0.560000002,4.480000019,0,56,22,261,1101,2742
7007744171,4/14/2016,11179,8.239999771,7.480000019,3.285414934,2.950000048,0.340000004,4.960000038,0,34,6,304,1096,2668
7007744171,4/15/2016,5273,3.529999971,3.529999971,0,0,0,3.529999971,0,0,0,202,1238,2098
7007744171,4/16/2016,4631,3.099999905,3.099999905,0,0,0,3.099999905,0,0,0,203,1155,2076
7007744171,4/17/2016,8059,5.389999866,5.389999866,0,0,0,5.389999866,0,0,0,305,1135,2383
7007744171,4/18/2016,14816,10.97999954,9.909999847,4.930550098,3.789999962,2.119999886,5.050000191,0.02,48,31,284,1077,2832
7007744171,4/19/2016,14194,10.47999954,9.5,4.94214201,4.409999847,0.75999999,5.309999943,0,53,17,304,1066,2812
7007744171,4/20/2016,15566,11.31000042,10.40999985,4.924840927,4.789999962,0.670000017,5.860000134,0,60,33,347,1000,3096
7007744171,4/21/2016,13744,9.18999958,9.18999958,0,2.150000095,1.870000005,5.170000076,0,30,34,327,1049,2763
7007744171,4/22/2016,15299,10.23999977,10.23999977,0,4.099999905,1.75999999,4.369999886,0,64,50,261,1065,2889
7007744171,4/23/2016,8093,5.409999847,5.409999847,0,0.129999995,1.129999995,4.150000095,0,2,25,223,1190,2284
7007744171,4/24/2016,11085,7.420000076,7.420000076,0,0,0,7.420000076,0,0,0,419,1021,2667
7007744171,4/25/2016,18229.00,13.34,12.20,4.86,4.31,1.37,7.67,0.00,51.00,24.00,379.00,986.00,3055.00
7007744171,4/26/2016,15090,10.10000038,10.10000038,0,0.930000007,0.939999998,8.229999542,0,16,22,424,978,2939
7007744171,4/27/2016,13541,10.22000027,9.06000042,4.885604858,4.269999981,0.660000026,5.289999962,0,50,12,337,1041,2830
7007744171,4/28/2016,15128,10.11999989,10.11999989,0,1.090000033,0.769999981,8.260000229,0,16,16,401,1007,2836
7007744171,4/29/2016,20067,14.30000019,13.42000008,4.911146164,4.309999943,2.049999952,7.949999809,0,55,42,382,961,3180
7007744171,4/30/2016,3761,2.519999981,2.519999981,0,0,0,2.519999981,0,0,0,200,1240,2051
7007744171,5/1/2016,5600.00,3.75,3.75,0.00,0.00,0.00,3.75,0.00,0.00,0.00,237.00,1142.00,2225.00
7007744171,5/2/2016,13041.00,9.18,8.72,2.83,4.64,0.70,3.83,0.00,64.00,14.00,250.00,1112.00,2642.00
7007744171,5/3/2016,14510.00,10.87,9.71,4.91,4.48,1.02,5.36,0.00,58.00,31.00,330.00,1021.00,2976.00
7007744171,5/4/2016,0.00,0.00,0.00,0.00,0.00,0.00,0.00,0.00,0.00,0.00,0.00,1440.00,1557.00
7007744171,5/5/2016,15010.00,11.10,10.04,4.88,4.33,1.29,5.48,0.00,53.00,23.00,317.00,1047.00,2933.00
7007744171,5/6/2016,11459.00,7.67,7.67,0.00,3.00,0.81,3.86,0.00,44.00,13.00,247.00,1136.00,2553.00
7007744171,5/7/2016,0.00,0.00,0.00,0.00,0.00,0.00,0.00,0.00,0.00,0.00,0.00,111.00,120.00
7086361926,4/12/2016,11317,8.409999847,8.409999847,0,5.269999981,0.150000006,2.970000029,0,59,6,153,745,2772
7086361926,4/13/2016,5813,3.619999886,3.619999886,0,0.560000002,0.209999993,2.839999914,0,31,26,155,744,2516
7086361926,4/14/2016,9123,6.119999886,6.119999886,0,2.029999971,0.330000013,3.660000086,0,35,32,189,787,2734
7086361926,4/15/2016,8585,5.670000076,5.670000076,0,2.039999962,1.110000014,2.529999971,0,30,21,139,864,2395
7086361926,4/16/2016,31,0.01,0.01,0,0,0,0.01,0,0,0,3,1437,1635
7086361926,4/17/2016,0,0,0,0,0,0,0,0,0,0,0,1440,1629
7086361926,4/18/2016,9827,6.710000038,6.710000038,0,3.170000076,1.220000029,2.309999943,0,61,51,114,1136,2743
7086361926,4/19/2016,10688,7.289999962,7.289999962,0,3.529999971,1.230000019,2.50999999,0,67,69,124,671,2944
7086361926,4/20/2016,14365,10.64000034,10.64000034,0,7.639999866,0.449999988,2.539999962,0,87,13,145,797,2997
7086361926,4/21/2016,9469,6.179999828,6.179999828,0,1.360000014,0.300000012,4.510000229,0,19,6,206,758,2463
7086361926,4/22/2016,9753,6.53000021,6.53000021,0,2.869999886,0.970000029,2.670000076,0,58,59,153,762,2846
7086361926,4/23/2016,2817,1.809999943,1.809999943,0,0,0,1.799999952,0,0,0,90,1350,1965
7086361926,4/24/2016,3520,2.160000086,2.160000086,0,0,0,2.150000095,0,0,0,125,566,2049
7086361926,4/25/2016,10091.00,6.82,6.82,0.00,3.75,0.70,2.37,0.00,69.00,39.00,129.00,706.00,2752.00
7086361926,4/26/2016,10387,7.070000172,7.070000172,0,4.159999847,0.769999981,2.119999886,0,70,33,132,726,2781
7086361926,4/27/2016,11107,8.340000153,8.340000153,0,5.630000114,0.180000007,2.529999971,0,55,6,145,829,2693
7086361926,4/28/2016,11584,7.800000191,7.800000191,0,2.789999962,1.639999986,3.359999895,0,54,48,161,810,2862
7086361926,4/29/2016,7881,4.949999809,4.949999809,0,0.49000001,0.449999988,4,0,24,36,182,1198,2616
7086361926,4/30/2016,14560,9.409999847,9.409999847,0,3.119999886,1.039999962,5.239999771,0,42,17,308,584,2995
7086361926,5/1/2016,12390.00,8.07,8.07,0.00,2.30,0.90,4.85,0.00,30.00,15.00,258.00,685.00,2730.00
7086361926,5/2/2016,10052.00,6.81,6.81,0.00,3.48,0.66,2.66,0.00,66.00,26.00,139.00,737.00,2754.00
7086361926,5/3/2016,10288.00,6.76,6.76,0.00,2.74,0.85,3.16,0.00,57.00,36.00,152.00,761.00,2754.00
7086361926,5/4/2016,10988.00,8.31,8.31,0.00,5.28,0.12,2.90,0.00,45.00,12.00,135.00,843.00,2655.00
7086361926,5/5/2016,8564.00,5.60,5.60,0.00,1.78,0.83,2.95,0.00,24.00,14.00,149.00,1253.00,2386.00
7086361926,5/6/2016,12461.00,8.38,8.38,0.00,3.82,1.43,3.12,0.00,84.00,35.00,154.00,834.00,2924.00
7086361926,5/7/2016,12827.00,8.48,8.48,0.00,1.46,2.33,4.68,0.00,20.00,42.00,209.00,621.00,2739.00
7086361926,5/8/2016,10677.00,7.10,7.10,0.00,2.31,1.53,3.25,0.00,32.00,27.00,147.00,695.00,2534.00
7086361926,5/9/2016,13566.00,9.11,9.11,0.00,4.26,1.71,3.12,0.00,67.00,50.00,171.00,743.00,2960.00
7086361926,5/10/2016,14433.00,10.79,10.79,0.00,7.11,1.20,2.45,0.00,72.00,23.00,106.00,1182.00,2800.00
7086361926,5/11/2016,9572.00,6.52,6.52,0.00,2.89,1.39,2.23,0.00,57.00,40.00,128.00,757.00,2735.00
7086361926,5/12/2016,3789.00,2.56,2.56,0.00,0.38,0.27,1.89,0.00,5.00,4.00,58.00,343.00,1199.00
8053475328,4/12/2016,18060,14.11999989,14.11999989,0,11.64000034,0.389999986,2.099999905,0,116,8,123,1193,3186
8053475328,4/13/2016,16433,13.35000038,13.35000038,0,10.43000031,0.469999999,2.450000048,0,95,12,156,1177,3140
8053475328,4/14/2016,20159,15.97000027,15.97000027,0,12.34000015,0.209999993,3.359999895,0,119,5,193,1123,3411
8053475328,4/15/2016,20669,16.23999977,16.23999977,0,13.26000023,0.389999986,2.589999914,0,132,8,158,1142,3410
8053475328,4/16/2016,14549,11.10999966,11.10999966,0,9.359999657,0.270000011,1.49000001,0,96,6,83,1255,2867
8053475328,4/17/2016,18827,13.68999958,13.68999958,0,9.239999771,0.800000012,3.640000105,0,111,21,195,1113,3213
8053475328,4/18/2016,17076,12.65999985,12.65999985,0,9.079999924,0.230000004,3.349999905,0,102,6,195,1137,3133
8053475328,4/19/2016,15929,12.47999954,12.47999954,0,9.220000267,0.310000002,2.950000048,0,90,7,191,1152,3114
8053475328,4/20/2016,15108,12.18999958,12.18999958,0,9.579999924,0.230000004,2.380000114,0,89,5,158,695,3043
8053475328,4/21/2016,16057,12.51000023,12.51000023,0,9.670000076,0.25,2.579999924,0,100,6,170,1164,3103
8053475328,4/22/2016,10520,8.289999962,8.289999962,0,6.260000229,0.150000006,1.879999995,0,60,3,117,1260,2655
8053475328,4/23/2016,22359,17.19000053,17.19000053,0,12.53999996,0.629999995,4.019999981,0,125,14,223,741,3554
8053475328,4/24/2016,22988,17.95000076,17.95000076,0,13.13000011,1.549999952,3.25999999,0,129,33,182,1096,3577
8053475328,4/25/2016,20500.00,15.69,15.69,0.00,11.37,0.46,3.86,0.00,118.00,9.00,209.00,1104.00,3403.00
8053475328,4/26/2016,12685,9.619999886,9.619999886,0,6.309999943,0.200000003,3.099999905,0,68,5,185,1182,2846
8053475328,4/27/2016,12422,9.819999695,9.819999695,0,6.460000038,0.430000007,2.930000067,0,60,10,183,1187,2852
8053475328,4/28/2016,15447,12.39999962,12.39999962,0,9.670000076,0.389999986,2.349999905,0,90,9,153,1188,3062
8053475328,4/29/2016,12315,9.649999619,9.649999619,0,6.170000076,0.310000002,3.170000076,0,58,8,159,1215,2794
8053475328,4/30/2016,7135,5.590000153,5.590000153,0,2.99000001,0.059999999,2.539999962,0,27,1,131,1281,2408
8053475328,5/1/2016,1170.00,0.85,0.85,0.00,0.00,0.00,0.85,0.00,0.00,0.00,51.00,1389.00,1886.00
8053475328,5/2/2016,1969.00,1.43,1.43,0.00,0.00,0.00,1.43,0.00,0.00,0.00,95.00,1345.00,1988.00
8053475328,5/3/2016,15484.00,11.90,11.90,0.00,8.39,0.93,2.59,0.00,87.00,22.00,165.00,1166.00,3023.00
8053475328,5/4/2016,14581.00,11.15,11.15,0.00,8.82,0.40,1.91,0.00,89.00,8.00,123.00,1220.00,2918.00
8053475328,5/5/2016,14990.00,11.51,11.51,0.00,8.85,0.45,2.21,0.00,93.00,9.00,130.00,1208.00,2950.00
8053475328,5/6/2016,13953.00,11.00,11.00,0.00,9.10,0.69,1.21,0.00,90.00,15.00,90.00,1245.00,2859.00
8053475328,5/7/2016,19769.00,15.67,15.67,0.00,12.44,0.88,2.35,0.00,121.00,20.00,148.00,1076.00,3331.00
8053475328,5/8/2016,22026.00,17.65,17.65,0.00,13.40,0.59,3.66,0.00,125.00,14.00,228.00,1073.00,3589.00
8053475328,5/9/2016,12465.00,9.38,9.38,0.00,6.12,0.57,2.69,0.00,66.00,12.00,148.00,1214.00,2765.00
8053475328,5/10/2016,14810.00,11.36,11.36,0.00,9.09,0.42,1.85,0.00,96.00,10.00,115.00,1219.00,2926.00
8053475328,5/11/2016,12209.00,9.40,9.40,0.00,6.08,0.28,3.04,0.00,60.00,7.00,184.00,1189.00,2809.00
8053475328,5/12/2016,4998.00,3.91,3.91,0.00,2.95,0.20,0.76,0.00,28.00,4.00,39.00,839.00,1505.00
8253242879,4/12/2016,9033,7.159999847,7.159999847,0,5.429999828,0.140000001,1.590000033,0,40,2,154,1244,2044
8253242879,4/13/2016,8053,6.099999905,6.099999905,0,4.170000076,0.629999995,1.309999943,0,35,11,96,1298,1935
8253242879,4/14/2016,5234,3.460000038,3.460000038,0,1.929999948,0.99000001,0.540000021,0,29,16,33,1362,1705
8253242879,4/15/2016,2672,1.769999981,1.769999981,0,0,0,1.75999999,0,0,0,105,1335,1632
8253242879,4/16/2016,9256,6.139999866,6.139999866,0,0.430000007,3.269999981,2.450000048,0,6,51,115,1268,1880
8253242879,4/17/2016,10204,7.909999847,7.909999847,0,5.429999828,0.150000006,2.329999924,0,41,5,157,1237,2112
8253242879,4/18/2016,5151,3.480000019,3.480000019,0,1.039999962,0.629999995,1.799999952,0,16,16,130,1278,1829
8253242879,4/19/2016,4212,2.779999971,2.779999971,0,0,0,2.779999971,0,0,0,164,1276,1763
8253242879,4/20/2016,6466,4.269999981,4.269999981,0,0.330000013,0.819999993,3.109999895,0.01,5,18,216,1201,1931
8253242879,4/21/2016,11268,8.56000042,8.56000042,0,5.880000114,0.930000007,1.75,0,49,20,172,1199,2218
8253242879,4/22/2016,2824,1.870000005,1.870000005,0,0,0,1.870000005,0,0,0,120,1320,1651
8253242879,4/23/2016,9282,6.260000229,6.260000229,0,2.089999914,1.039999962,3.130000114,0,30,26,191,1193,2132
8253242879,4/24/2016,8905,7.130000114,7.130000114,0,5.599999905,0.189999998,1.340000033,0,41,4,82,1313,1976
8253242879,4/25/2016,6829.00,4.51,4.51,0.00,0.36,2.39,1.77,0.00,7.00,54.00,118.00,1261.00,1909.00
8253242879,4/26/2016,4562,3.039999962,3.039999962,0,1.179999948,0.49000001,1.370000005,0,19,14,108,1299,1813
8253242879,4/27/2016,10232,8.180000305,8.180000305,0,6.239999771,0.230000004,1.700000048,0,45,5,104,1286,2008
8253242879,4/28/2016,2718,1.799999952,1.799999952,0,0.670000017,0.779999971,0.340000004,0,11,16,20,1393,1580
8253242879,4/29/2016,6260,4.260000229,4.260000229,0,1.289999962,0.540000021,2.400000095,0,16,14,136,1257,1854
8253242879,4/30/2016,0,0,0,0,0,0,0,0,0,0,0,1440,0
8378563200,4/12/2016,7626,6.050000191,6.050000191,2.253081083,0.829999983,0.709999979,4.5,0,65,15,156,723,3635
8378563200,4/13/2016,12386,9.819999695,9.819999695,2.092147112,4.960000038,0.649999976,4.210000038,0,116,14,169,680,4079
8378563200,4/14/2016,13318,10.56000042,10.56000042,2.253081083,5.619999886,1.029999971,3.910000086,0,123,21,174,699,4163
8378563200,4/15/2016,14461,11.47000027,11.47000027,0,4.909999847,1.149999976,5.409999847,0,60,23,190,729,3666
8378563200,4/16/2016,11207,8.890000343,8.890000343,0,5.369999886,1.070000052,2.440000057,0,64,21,142,563,3363
8378563200,4/17/2016,2132,1.690000057,1.690000057,0,0,0,1.690000057,0,0,0,93,599,2572
8378563200,4/18/2016,13630,10.81000042,10.81000042,2.092147112,5.050000191,0.560000002,5.199999809,0,117,10,174,720,4157
8378563200,4/19/2016,13070,10.35999966,10.35999966,2.253081083,5.300000191,0.879999995,4.179999828,0,120,19,154,737,4092
8378563200,4/20/2016,9388,7.440000057,7.440000057,2.092147112,2.230000019,0.439999998,4.78000021,0,82,8,169,763,3787
8378563200,4/21/2016,15148,12.01000023,12.01000023,2.253081083,6.900000095,0.819999993,4.289999962,0,137,16,145,677,4236
8378563200,4/22/2016,12200,9.670000076,9.670000076,2.092147112,4.909999847,0.589999974,4.179999828,0,113,12,159,769,4044
8378563200,4/23/2016,5709,4.53000021,4.53000021,0,1.519999981,0.519999981,2.480000019,0,19,10,136,740,2908
8378563200,4/24/2016,3703,2.940000057,2.940000057,0,0,0,2.940000057,0,0,0,135,734,2741
8378563200,4/25/2016,12405.00,9.84,9.84,2.09,5.05,0.87,3.92,0.00,117.00,16.00,141.00,692.00,4005.00
8378563200,4/26/2016,16208,12.85000038,12.85000038,0,7.510000229,0.920000017,4.420000076,0,90,18,161,593,3763
8378563200,4/27/2016,7359,5.840000153,5.840000153,0,0.330000013,0.180000007,5.329999924,0,4,4,192,676,3061
8378563200,4/28/2016,5417,4.300000191,4.300000191,0,0.899999976,0.49000001,2.910000086,0,11,10,139,711,2884
8378563200,4/29/2016,6175,4.900000095,4.900000095,0,0.25,0.360000014,4.269999981,0,3,7,172,767,2982
8378563200,4/30/2016,2946,2.339999914,2.339999914,0,0,0,2.339999914,0,0,0,121,780,2660
8378563200,5/1/2016,11419.00,9.06,9.06,0.00,6.03,0.56,2.47,0.00,71.00,10.00,127.00,669.00,3369.00
8378563200,5/2/2016,6064.00,4.81,4.81,2.09,0.63,0.17,4.01,0.00,63.00,4.00,142.00,802.00,3491.00
8378563200,5/3/2016,8712.00,6.91,6.91,2.25,1.34,1.06,4.50,0.00,71.00,20.00,195.00,822.00,3784.00
8378563200,5/4/2016,7875.00,6.24,6.24,0.00,1.56,0.49,4.20,0.00,19.00,10.00,167.00,680.00,3110.00
8378563200,5/5/2016,8567.00,6.79,6.79,2.25,0.89,0.16,5.74,0.00,66.00,3.00,214.00,764.00,3783.00
8378563200,5/6/2016,7045.00,5.59,5.59,2.09,1.55,0.25,3.78,0.00,74.00,5.00,166.00,831.00,3644.00
8378563200,5/7/2016,4468.00,3.54,3.54,0.00,0.00,0.00,3.54,0.00,0.00,0.00,158.00,851.00,2799.00
8378563200,5/8/2016,2943.00,2.33,2.33,0.00,0.00,0.00,2.33,0.00,0.00,0.00,139.00,621.00,2685.00
8378563200,5/9/2016,8382.00,6.65,6.65,2.09,1.27,0.66,4.72,0.00,71.00,13.00,171.00,772.00,3721.00
8378563200,5/10/2016,6582.00,5.22,5.22,2.25,0.66,0.64,3.92,0.00,63.00,13.00,152.00,840.00,3586.00
8378563200,5/11/2016,9143.00,7.25,7.25,2.09,1.39,0.59,5.27,0.00,72.00,10.00,184.00,763.00,3788.00
8378563200,5/12/2016,4561.00,3.62,3.62,0.00,0.65,0.27,2.69,0.00,8.00,6.00,102.00,433.00,1976.00
8583815059,4/12/2016,5014,3.910000086,3.910000086,0,0,0.330000013,3.579999924,0,0,7,196,1237,2650
8583815059,4/13/2016,5571,4.349999905,4.349999905,0,0.150000006,0.970000029,3.230000019,0,2,23,163,1252,2654
8583815059,4/14/2016,3135,2.450000048,2.450000048,0,0,0,2.430000067,0,0,0,134,1306,2443
8583815059,4/15/2016,3430,2.680000067,2.680000067,0,0,0,0.899999976,0,0,0,65,1375,2505
8583815059,4/16/2016,5319,4.150000095,4.150000095,0,0,0,0,0,0,0,0,1440,2693
8583815059,4/17/2016,3008,2.349999905,2.349999905,0,0,0,0,0,0,0,0,1440,2439
8583815059,4/18/2016,3864,3.00999999,3.00999999,0,0.310000002,1.059999943,1.350000024,0,4,22,105,1309,2536
8583815059,4/19/2016,5697,4.440000057,4.440000057,0,0.529999971,0.479999989,3.440000057,0,7,10,166,1257,2668
8583815059,4/20/2016,5273,4.110000134,4.110000134,0,0,1.039999962,3.069999933,0,0,27,167,1246,2647
8583815059,4/21/2016,8538,6.659999847,6.659999847,0,2.630000114,1.019999981,3.00999999,0,35,18,158,1229,2883
8583815059,4/22/2016,8687,6.78000021,6.78000021,0,0.289999992,2.410000086,4.079999924,0,4,54,212,1170,2944
8583815059,4/23/2016,9423,7.349999905,7.349999905,0,0.529999971,2.029999971,4.75,0,7,44,238,1151,3012
8583815059,4/24/2016,8286,6.460000038,6.460000038,0,0.150000006,2.049999952,4.269999981,0,2,44,206,1188,2889
8583815059,4/25/2016,4503.00,3.51,3.51,0.00,1.47,0.24,1.81,0.00,18.00,6.00,122.00,1294.00,2547.00
8583815059,4/26/2016,10499,8.18999958,8.18999958,0,0.07,4.21999979,3.890000105,0,1,91,214,1134,3093
8583815059,4/27/2016,12474,9.729999542,9.729999542,0,6.599999905,0.270000011,2.869999886,0,77,5,129,1229,3142
8583815059,4/28/2016,6174,4.820000172,4.820000172,0,0,1.200000048,3.609999895,0,0,28,203,1209,2757
8583815059,4/29/2016,15168,11.82999992,11.82999992,0,3.900000095,3,4.920000076,0,46,67,258,1069,3513
8583815059,4/30/2016,10085,7.869999886,7.869999886,0,0.150000006,1.279999971,6.429999828,0,2,28,317,1093,3164
8583815059,5/1/2016,4512.00,3.52,3.52,0.00,0.78,0.12,2.04,0.00,10.00,2.00,117.00,1311.00,2596.00
8583815059,5/2/2016,8469.00,6.61,6.61,0.00,0.00,0.00,0.00,0.00,0.00,0.00,0.00,1440.00,2894.00
8583815059,5/3/2016,12015.00,9.37,9.37,0.00,0.00,0.00,0.00,0.00,0.00,0.00,0.00,1440.00,3212.00
8583815059,5/4/2016,3588.00,2.80,2.80,0.00,0.00,0.00,0.00,0.00,0.00,0.00,0.00,1440.00,2516.00
8583815059,5/5/2016,12427.00,9.69,9.69,0.00,0.00,0.00,1.18,0.00,0.00,0.00,70.00,1370.00,3266.00
8583815059,5/6/2016,5843.00,4.56,4.56,0.00,0.14,1.19,3.23,0.00,2.00,22.00,166.00,1250.00,2683.00
8583815059,5/7/2016,6117.00,4.77,4.77,0.00,0.00,0.00,4.77,0.00,0.00,0.00,250.00,1190.00,2810.00
8583815059,5/8/2016,9217.00,7.19,7.19,0.00,0.22,3.31,3.66,0.00,3.00,72.00,182.00,1183.00,2940.00
8583815059,5/9/2016,9877.00,7.70,7.70,0.00,5.76,0.17,1.73,0.00,66.00,4.00,110.00,1260.00,2947.00
8583815059,5/10/2016,8240.00,6.43,6.43,0.00,0.69,2.01,3.72,0.00,9.00,43.00,162.00,1226.00,2846.00
8583815059,5/11/2016,8701.00,6.79,6.79,0.00,0.37,3.24,3.17,0.00,5.00,71.00,177.00,1106.00,2804.00
8583815059,5/12/2016,0.00,0.00,0.00,0.00,0.00,0.00,0.00,0.00,0.00,0.00,0.00,1440.00,0.00
8792009665,4/12/2016,2564,1.639999986,1.639999986,0,0,0,1.639999986,0,0,0,116,831,2044
8792009665,4/13/2016,1320,0.839999974,0.839999974,0,0,0,0.839999974,0,0,0,82,806,1934
8792009665,4/14/2016,1219,0.779999971,0.779999971,0,0,0,0.779999971,0,0,0,84,853,1963
8792009665,4/15/2016,2483,1.590000033,1.590000033,0,0,0,1.590000033,0,0,0,126,937,2009
8792009665,4/16/2016,244,0.159999996,0.159999996,0,0,0,0.159999996,0,0,0,12,1428,1721
8792009665,4/17/2016,0,0,0,0,0,0,0,0,0,0,0,1440,1688
8792009665,4/18/2016,0,0,0,0,0,0,0,0,0,0,0,1440,1688
8792009665,4/19/2016,0,0,0,0,0,0,0,0,0,0,0,1440,1688
8792009665,4/20/2016,3147,2.00999999,2.00999999,0,0,0.280000001,1.74000001,0,0,10,139,744,2188
8792009665,4/21/2016,144,0.090000004,0.090000004,0,0,0,0.090000004,0,0,0,9,1431,1720
8792009665,4/22/2016,4068,2.599999905,2.599999905,0,0.050000001,0.280000001,2.269999981,0,1,20,195,817,2419
8792009665,4/23/2016,5245,3.359999895,3.359999895,0,0.159999996,0.439999998,2.75,0,8,45,232,795,2748
8792009665,4/24/2016,400,0.25999999,0.25999999,0,0.039999999,0.050000001,0.159999996,0,3,8,19,1410,1799
8792009665,4/25/2016,0.00,0.00,0.00,0.00,0.00,0.00,0.00,0.00,0.00,0.00,0.00,1440.00,1688.00
8792009665,4/26/2016,1321,0.850000024,0.850000024,0,0,0,0.850000024,0,0,0,80,1360,1928
8792009665,4/27/2016,1758,1.129999995,1.129999995,0,0,0,1.129999995,0,0,0,112,900,2067
8792009665,4/28/2016,6157,3.940000057,3.940000057,0,0,0,3.940000057,0,0,0,310,714,2780
8792009665,4/29/2016,8360,5.349999905,5.349999905,0,0.140000001,0.280000001,4.929999828,0,6,14,380,634,3101
8792009665,4/30/2016,7174,4.590000153,4.590000153,0,0.330000013,0.360000014,3.910000086,0,10,20,301,749,2896
8792009665,5/1/2016,1619.00,1.04,1.04,0.00,0.00,0.00,1.04,0.00,0.00,0.00,79.00,834.00,1962.00
8792009665,5/2/2016,1831.00,1.17,1.17,0.00,0.00,0.00,1.17,0.00,0.00,0.00,101.00,916.00,2015.00
8792009665,5/3/2016,2421.00,1.55,1.55,0.00,0.00,0.00,1.55,0.00,0.00,0.00,156.00,739.00,2297.00
8792009665,5/4/2016,2283.00,1.46,1.46,0.00,0.00,0.00,1.46,0.00,0.00,0.00,129.00,848.00,2067.00
8792009665,5/5/2016,0.00,0.00,0.00,0.00,0.00,0.00,0.00,0.00,0.00,0.00,0.00,1440.00,1688.00
8792009665,5/6/2016,0.00,0.00,0.00,0.00,0.00,0.00,0.00,0.00,0.00,0.00,0.00,1440.00,1688.00
8792009665,5/7/2016,0.00,0.00,0.00,0.00,0.00,0.00,0.00,0.00,0.00,0.00,0.00,1440.00,1688.00
8792009665,5/8/2016,0.00,0.00,0.00,0.00,0.00,0.00,0.00,0.00,0.00,0.00,0.00,1440.00,1688.00
8792009665,5/9/2016,0.00,0.00,0.00,0.00,0.00,0.00,0.00,0.00,0.00,0.00,0.00,1440.00,1688.00
8792009665,5/10/2016,0.00,0.00,0.00,0.00,0.00,0.00,0.00,0.00,0.00,0.00,0.00,48.00,57.00
8877689391,4/12/2016,23186,20.39999962,20.39999962,0,12.22000027,0.340000004,7.820000172,0,85,7,312,1036,3921
8877689391,4/13/2016,15337,9.579999924,9.579999924,0,3.549999952,0.379999995,5.639999866,0,108,18,216,1098,3566
8877689391,4/14/2016,21129,18.97999954,18.97999954,0,10.55000019,0.589999974,7.75,0.02,68,13,298,1061,3793
8877689391,4/15/2016,13422,7.170000076,7.170000076,0,0.050000001,0.050000001,7.010000229,0.01,106,1,281,1052,3934
8877689391,4/16/2016,29326,25.29000092,25.29000092,0,13.23999977,1.210000038,10.71000004,0,94,29,429,888,4547
8877689391,4/17/2016,15118,8.869999886,8.869999886,0,0,0.07,8.789999962,0,58,15,307,1060,3545
8877689391,4/18/2016,11423,8.670000076,8.670000076,0,2.440000057,0.270000011,5.940000057,0,29,5,191,1215,2761
8877689391,4/19/2016,18785,17.39999962,17.39999962,0,12.14999962,0.180000007,5.03000021,0,82,13,214,1131,3676
8877689391,4/20/2016,19948,18.11000061,18.11000061,0,11.02000046,0.689999998,6.340000153,0,73,19,225,1123,3679
8877689391,4/21/2016,19377,17.62000084,17.62000084,0,12.28999996,0.419999987,4.889999866,0,82,13,226,1119,3659
8877689391,4/22/2016,18258,16.30999947,16.30999947,0,10.22999954,0.029999999,5.96999979,0.050000001,61,2,236,1141,3427
8877689391,4/23/2016,11200,7.429999828,7.429999828,0,0,0,7.400000095,0.01,102,6,300,1032,3891
8877689391,4/24/2016,16674,15.73999977,15.73999977,0,11.01000023,0.01,4.690000057,0,64,1,227,1148,3455
8877689391,4/25/2016,12986.00,8.74,8.74,0.00,2.37,0.07,6.27,0.01,113.00,8.00,218.00,1101.00,3802.00
8877689391,4/26/2016,11101,8.430000305,8.430000305,0,1.75999999,0.129999995,6.5,0,22,3,258,1157,2860
8877689391,4/27/2016,23629,20.64999962,20.64999962,0,13.06999969,0.439999998,7.099999905,0,93,8,235,1104,3808
8877689391,4/28/2016,14890,11.30000019,11.30000019,0,4.929999828,0.379999995,5.96999979,0,58,8,231,1143,3060
8877689391,4/29/2016,9733,7.389999866,7.389999866,0,1.379999995,0.170000002,5.789999962,0,18,5,210,1207,2698
8877689391,4/30/2016,27745,26.71999931,26.71999931,0,21.65999985,0.079999998,4.929999828,0,124,4,223,1089,4398
8877689391,5/1/2016,10930.00,8.32,8.32,0.00,3.13,0.57,4.57,0.00,36.00,12.00,166.00,1226.00,2786.00
8877689391,5/2/2016,4790.00,3.64,3.64,0.00,0.00,0.00,3.56,0.00,0.00,0.00,105.00,1335.00,2189.00
8877689391,5/3/2016,10818.00,8.21,8.21,0.00,1.39,0.10,6.67,0.01,19.00,3.00,229.00,1189.00,2817.00
8877689391,5/4/2016,18193.00,16.30,16.30,0.00,10.42,0.31,5.53,0.00,66.00,8.00,212.00,1154.00,3477.00
8877689391,5/5/2016,14055.00,10.67,10.67,0.00,5.46,0.82,4.37,0.00,67.00,15.00,188.00,1170.00,3052.00
8877689391,5/6/2016,21727.00,19.34,19.34,0.00,12.79,0.29,6.16,0.00,96.00,17.00,232.00,1095.00,4015.00
8877689391,5/7/2016,12332.00,8.13,8.13,0.00,0.08,0.96,6.99,0.00,105.00,28.00,271.00,1036.00,4142.00
8877689391,5/8/2016,10686.00,8.11,8.11,0.00,1.08,0.20,6.80,0.00,17.00,4.00,245.00,1174.00,2847.00
8877689391,5/9/2016,20226.00,18.25,18.25,0.00,11.10,0.80,6.24,0.05,73.00,19.00,217.00,1131.00,3710.00
8877689391,5/10/2016,10733.00,8.15,8.15,0.00,1.35,0.46,6.28,0.00,18.00,11.00,224.00,1187.00,2832.00
8877689391,5/11/2016,21420.00,19.56,19.56,0.00,13.22,0.41,5.89,0.00,88.00,12.00,213.00,1127.00,3832.00
8877689391,5/12/2016,8064.00,6.12,6.12,0.00,1.82,0.04,4.25,0.00,23.00,1.00,137.00,770.00,1849.00
